Gmt time,Open,High,Low,Close,Volume
01.08.2019 00:00:00.000,0.99410,0.99752,0.99407,0.99688,6342.98
01.08.2019 01:00:00.000,0.99688,0.99704,0.99645,0.99657,6168.1099
01.08.2019 02:00:00.000,0.99657,0.99694,0.99643,0.99649,3298.5801
01.08.2019 03:00:00.000,0.99649,0.99690,0.99649,0.99683,2002.79
01.08.2019 04:00:00.000,0.99684,0.99692,0.99598,0.99602,1440.84
01.08.2019 05:00:00.000,0.99605,0.99671,0.99577,0.99642,3183.52
01.08.2019 06:00:00.000,0.99643,0.99736,0.99603,0.99648,5763.4702
01.08.2019 07:00:00.000,0.99646,0.99706,0.99583,0.99665,6645.7998
01.08.2019 08:00:00.000,0.99666,0.99672,0.99484,0.99493,4772.4902
01.08.2019 09:00:00.000,0.99493,0.99531,0.99452,0.99492,4978.5698
01.08.2019 10:00:00.000,0.99495,0.99581,0.99489,0.99569,5227.25
01.08.2019 11:00:00.000,0.99569,0.99606,0.99467,0.99530,6892.1899
01.08.2019 12:00:00.000,0.99530,0.99641,0.99511,0.99608,8270.7002
01.08.2019 13:00:00.000,0.99607,0.99619,0.99458,0.99498,11688.0898
01.08.2019 14:00:00.000,0.99491,0.99491,0.99398,0.99433,16603.3809
01.08.2019 15:00:00.000,0.99435,0.99447,0.99336,0.99381,9636.3203
01.08.2019 16:00:00.000,0.99382,0.99388,0.99235,0.99246,4903.9102
01.08.2019 17:00:00.000,0.99245,0.99341,0.98902,0.99002,18305.3691
01.08.2019 18:00:00.000,0.99004,0.99140,0.98943,0.98983,18684.3105
01.08.2019 19:00:00.000,0.98986,0.99059,0.98873,0.98943,12747.8496
01.08.2019 20:00:00.000,0.98941,0.99089,0.98941,0.99027,4010.8799
01.08.2019 21:00:00.000,0.99022,0.99049,0.98947,0.99011,2168.7
01.08.2019 22:00:00.000,0.99006,0.99073,0.98990,0.99051,757.67
01.08.2019 23:00:00.000,0.99050,0.99051,0.98976,0.98998,1515.46
02.08.2019 00:00:00.000,0.98999,0.99026,0.98752,0.98807,6045.7402
02.08.2019 01:00:00.000,0.98807,0.98870,0.98755,0.98870,8632.4502
02.08.2019 02:00:00.000,0.98870,0.98912,0.98789,0.98871,7877.73
02.08.2019 03:00:00.000,0.98871,0.98959,0.98852,0.98924,3906
02.08.2019 04:00:00.000,0.98922,0.98929,0.98857,0.98871,3550.27
02.08.2019 05:00:00.000,0.98870,0.98924,0.98870,0.98906,4996
02.08.2019 06:00:00.000,0.98906,0.98917,0.98786,0.98824,8877.4297
02.08.2019 07:00:00.000,0.98824,0.98843,0.98526,0.98546,13896.5898
02.08.2019 08:00:00.000,0.98545,0.98662,0.98543,0.98642,10333.6904
02.08.2019 09:00:00.000,0.98644,0.98674,0.98551,0.98600,6875.9399
02.08.2019 10:00:00.000,0.98601,0.98636,0.98517,0.98523,8116.7598
02.08.2019 11:00:00.000,0.98523,0.98551,0.98423,0.98441,5977.1602
02.08.2019 12:00:00.000,0.98442,0.98631,0.98370,0.98621,19082.7891
02.08.2019 13:00:00.000,0.98621,0.98726,0.98354,0.98365,22629.9902
02.08.2019 14:00:00.000,0.98366,0.98405,0.98276,0.98293,16295.8604
02.08.2019 15:00:00.000,0.98299,0.98345,0.98198,0.98201,10972.9004
02.08.2019 16:00:00.000,0.98200,0.98324,0.98170,0.98173,7061.4902
02.08.2019 17:00:00.000,0.98175,0.98273,0.98142,0.98246,5952.8999
02.08.2019 18:00:00.000,0.98246,0.98247,0.98176,0.98238,6298.3501
02.08.2019 19:00:00.000,0.98237,0.98281,0.98208,0.98213,6709.9702
02.08.2019 20:00:00.000,0.98220,0.98250,0.98212,0.98215,1311.2
02.08.2019 21:00:00.000,0.98215,0.98215,0.98215,0.98215,0
02.08.2019 22:00:00.000,0.98215,0.98215,0.98215,0.98215,0
02.08.2019 23:00:00.000,0.98215,0.98215,0.98215,0.98215,0
03.08.2019 00:00:00.000,0.98215,0.98215,0.98215,0.98215,0
03.08.2019 01:00:00.000,0.98215,0.98215,0.98215,0.98215,0
03.08.2019 02:00:00.000,0.98215,0.98215,0.98215,0.98215,0
03.08.2019 03:00:00.000,0.98215,0.98215,0.98215,0.98215,0
03.08.2019 04:00:00.000,0.98215,0.98215,0.98215,0.98215,0
03.08.2019 05:00:00.000,0.98215,0.98215,0.98215,0.98215,0
03.08.2019 06:00:00.000,0.98215,0.98215,0.98215,0.98215,0
03.08.2019 07:00:00.000,0.98215,0.98215,0.98215,0.98215,0
03.08.2019 08:00:00.000,0.98215,0.98215,0.98215,0.98215,0
03.08.2019 09:00:00.000,0.98215,0.98215,0.98215,0.98215,0
03.08.2019 10:00:00.000,0.98215,0.98215,0.98215,0.98215,0
03.08.2019 11:00:00.000,0.98215,0.98215,0.98215,0.98215,0
03.08.2019 12:00:00.000,0.98215,0.98215,0.98215,0.98215,0
03.08.2019 13:00:00.000,0.98215,0.98215,0.98215,0.98215,0
03.08.2019 14:00:00.000,0.98215,0.98215,0.98215,0.98215,0
03.08.2019 15:00:00.000,0.98215,0.98215,0.98215,0.98215,0
03.08.2019 16:00:00.000,0.98215,0.98215,0.98215,0.98215,0
03.08.2019 17:00:00.000,0.98215,0.98215,0.98215,0.98215,0
03.08.2019 18:00:00.000,0.98215,0.98215,0.98215,0.98215,0
03.08.2019 19:00:00.000,0.98215,0.98215,0.98215,0.98215,0
03.08.2019 20:00:00.000,0.98215,0.98215,0.98215,0.98215,0
03.08.2019 21:00:00.000,0.98215,0.98215,0.98215,0.98215,0
03.08.2019 22:00:00.000,0.98215,0.98215,0.98215,0.98215,0
03.08.2019 23:00:00.000,0.98215,0.98215,0.98215,0.98215,0
04.08.2019 00:00:00.000,0.98215,0.98215,0.98215,0.98215,0
04.08.2019 01:00:00.000,0.98215,0.98215,0.98215,0.98215,0
04.08.2019 02:00:00.000,0.98215,0.98215,0.98215,0.98215,0
04.08.2019 03:00:00.000,0.98215,0.98215,0.98215,0.98215,0
04.08.2019 04:00:00.000,0.98215,0.98215,0.98215,0.98215,0
04.08.2019 05:00:00.000,0.98215,0.98215,0.98215,0.98215,0
04.08.2019 06:00:00.000,0.98215,0.98215,0.98215,0.98215,0
04.08.2019 07:00:00.000,0.98215,0.98215,0.98215,0.98215,0
04.08.2019 08:00:00.000,0.98215,0.98215,0.98215,0.98215,0
04.08.2019 09:00:00.000,0.98215,0.98215,0.98215,0.98215,0
04.08.2019 10:00:00.000,0.98215,0.98215,0.98215,0.98215,0
04.08.2019 11:00:00.000,0.98215,0.98215,0.98215,0.98215,0
04.08.2019 12:00:00.000,0.98215,0.98215,0.98215,0.98215,0
04.08.2019 13:00:00.000,0.98215,0.98215,0.98215,0.98215,0
04.08.2019 14:00:00.000,0.98215,0.98215,0.98215,0.98215,0
04.08.2019 15:00:00.000,0.98215,0.98215,0.98215,0.98215,0
04.08.2019 16:00:00.000,0.98215,0.98215,0.98215,0.98215,0
04.08.2019 17:00:00.000,0.98215,0.98215,0.98215,0.98215,0
04.08.2019 18:00:00.000,0.98215,0.98215,0.98215,0.98215,0
04.08.2019 19:00:00.000,0.98215,0.98215,0.98215,0.98215,0
04.08.2019 20:00:00.000,0.98215,0.98215,0.98215,0.98215,0
04.08.2019 21:00:00.000,0.98399,0.98399,0.98234,0.98278,760.04
04.08.2019 22:00:00.000,0.98280,0.98280,0.98211,0.98247,913.57
04.08.2019 23:00:00.000,0.98247,0.98270,0.98220,0.98256,1220.25
05.08.2019 00:00:00.000,0.98256,0.98277,0.97973,0.98055,4720.5698
05.08.2019 01:00:00.000,0.98054,0.98121,0.97881,0.98001,8301.8799
05.08.2019 02:00:00.000,0.98001,0.98065,0.97900,0.97907,8568.2998
05.08.2019 03:00:00.000,0.97906,0.97949,0.97849,0.97922,6283.0801
05.08.2019 04:00:00.000,0.97920,0.97942,0.97851,0.97923,3390.0701
05.08.2019 05:00:00.000,0.97921,0.97951,0.97881,0.97912,3548.72
05.08.2019 06:00:00.000,0.97912,0.97924,0.97823,0.97877,9168.1904
05.08.2019 07:00:00.000,0.97879,0.97942,0.97749,0.97806,11908.71
05.08.2019 08:00:00.000,0.97806,0.97814,0.97506,0.97516,9425.1396
05.08.2019 09:00:00.000,0.97515,0.97562,0.97421,0.97504,8471.8203
05.08.2019 10:00:00.000,0.97506,0.97524,0.97379,0.97444,6854.73
05.08.2019 11:00:00.000,0.97444,0.97578,0.97389,0.97446,9005.2803
05.08.2019 12:00:00.000,0.97446,0.97496,0.97389,0.97487,7872.9502
05.08.2019 13:00:00.000,0.97486,0.97578,0.97442,0.97555,8519.7598
05.08.2019 14:00:00.000,0.97556,0.97562,0.97199,0.97374,13181.6797
05.08.2019 15:00:00.000,0.97378,0.97469,0.97202,0.97206,9847.2695
05.08.2019 16:00:00.000,0.97206,0.97358,0.97161,0.97197,9504.6699
05.08.2019 17:00:00.000,0.97197,0.97359,0.97192,0.97359,5797.1299
05.08.2019 18:00:00.000,0.97360,0.97396,0.97314,0.97359,5806.0098
05.08.2019 19:00:00.000,0.97359,0.97485,0.97296,0.97398,8841.29
05.08.2019 20:00:00.000,0.97399,0.97427,0.97326,0.97337,1698.78
05.08.2019 21:00:00.000,0.97336,0.97361,0.97168,0.97183,1417.89
05.08.2019 22:00:00.000,0.97183,0.97214,0.97130,0.97155,2264.9299
05.08.2019 23:00:00.000,0.97153,0.97204,0.97030,0.97053,2508.8701
06.08.2019 00:00:00.000,0.97056,0.97120,0.97044,0.97095,3687.4099
06.08.2019 01:00:00.000,0.97095,0.97300,0.97095,0.97260,7030.0698
06.08.2019 02:00:00.000,0.97261,0.97282,0.97211,0.97279,3662.76
06.08.2019 03:00:00.000,0.97279,0.97400,0.97256,0.97353,3958.1399
06.08.2019 04:00:00.000,0.97353,0.97561,0.97352,0.97434,7713.1699
06.08.2019 05:00:00.000,0.97435,0.97546,0.97423,0.97540,5597.6802
06.08.2019 06:00:00.000,0.97540,0.97575,0.97414,0.97518,11780.1396
06.08.2019 07:00:00.000,0.97519,0.97580,0.97372,0.97377,11997.8701
06.08.2019 08:00:00.000,0.97377,0.97527,0.97362,0.97441,8247.4902
06.08.2019 09:00:00.000,0.97442,0.97467,0.97409,0.97444,5021.6401
06.08.2019 10:00:00.000,0.97444,0.97501,0.97429,0.97471,3631.04
06.08.2019 11:00:00.000,0.97472,0.97624,0.97443,0.97605,6107.5698
06.08.2019 12:00:00.000,0.97606,0.97686,0.97571,0.97673,6807.98
06.08.2019 13:00:00.000,0.97670,0.97915,0.97637,0.97876,8898.96
06.08.2019 14:00:00.000,0.97876,0.97921,0.97740,0.97827,9766.46
06.08.2019 15:00:00.000,0.97825,0.97836,0.97673,0.97818,8757.3799
06.08.2019 16:00:00.000,0.97817,0.97835,0.97620,0.97644,6791.4502
06.08.2019 17:00:00.000,0.97643,0.97717,0.97598,0.97697,5461.3701
06.08.2019 18:00:00.000,0.97696,0.97785,0.97679,0.97685,6023.6201
06.08.2019 19:00:00.000,0.97684,0.97775,0.97649,0.97661,5460.0698
06.08.2019 20:00:00.000,0.97661,0.97675,0.97596,0.97666,1167.4
06.08.2019 21:00:00.000,0.97666,0.97712,0.97569,0.97597,2795.8
06.08.2019 22:00:00.000,0.97613,0.97624,0.97525,0.97556,713.14
06.08.2019 23:00:00.000,0.97555,0.97607,0.97551,0.97583,1084.3
07.08.2019 00:00:00.000,0.97582,0.97610,0.97446,0.97563,3646.5901
07.08.2019 01:00:00.000,0.97563,0.97641,0.97396,0.97448,5060.8398
07.08.2019 02:00:00.000,0.97444,0.97573,0.97434,0.97549,4921.6699
07.08.2019 03:00:00.000,0.97549,0.97657,0.97455,0.97578,5748.2798
07.08.2019 04:00:00.000,0.97578,0.97611,0.97555,0.97575,3103.8701
07.08.2019 05:00:00.000,0.97576,0.97704,0.97575,0.97635,4506.23
07.08.2019 06:00:00.000,0.97634,0.97682,0.97569,0.97628,4843.7998
07.08.2019 07:00:00.000,0.97628,0.97822,0.97549,0.97822,6730.2798
07.08.2019 08:00:00.000,0.97822,0.97829,0.97737,0.97778,5810.73
07.08.2019 09:00:00.000,0.97779,0.97940,0.97779,0.97890,7708.3799
07.08.2019 10:00:00.000,0.97890,0.97969,0.97870,0.97896,4644.79
07.08.2019 11:00:00.000,0.97896,0.97900,0.97567,0.97585,6620.8701
07.08.2019 12:00:00.000,0.97585,0.97653,0.97429,0.97491,11919.6396
07.08.2019 13:00:00.000,0.97491,0.97515,0.97115,0.97215,16794.9707
07.08.2019 14:00:00.000,0.97215,0.97452,0.97131,0.97333,17751.6094
07.08.2019 15:00:00.000,0.97332,0.97344,0.97032,0.97090,14328.0801
07.08.2019 16:00:00.000,0.97090,0.97178,0.96918,0.97174,12933.8799
07.08.2019 17:00:00.000,0.97171,0.97387,0.97124,0.97330,12807.1396
07.08.2019 18:00:00.000,0.97331,0.97401,0.97261,0.97366,12471.4199
07.08.2019 19:00:00.000,0.97364,0.97519,0.97310,0.97514,11247.4404
07.08.2019 20:00:00.000,0.97518,0.97547,0.97480,0.97547,2158.1001
07.08.2019 21:00:00.000,0.97547,0.97547,0.97451,0.97475,1413.2
07.08.2019 22:00:00.000,0.97475,0.97498,0.97457,0.97476,726.7
07.08.2019 23:00:00.000,0.97476,0.97565,0.97457,0.97489,1712.63
08.08.2019 00:00:00.000,0.97489,0.97523,0.97417,0.97463,3016.01
08.08.2019 01:00:00.000,0.97465,0.97568,0.97431,0.97532,7526.8999
08.08.2019 02:00:00.000,0.97531,0.97566,0.97468,0.97497,3016.95
08.08.2019 03:00:00.000,0.97496,0.97570,0.97488,0.97545,2425.73
08.08.2019 04:00:00.000,0.97545,0.97556,0.97521,0.97549,1621.5601
08.08.2019 05:00:00.000,0.97549,0.97558,0.97509,0.97536,2166.9399
08.08.2019 06:00:00.000,0.97536,0.97557,0.97441,0.97524,5985.8701
08.08.2019 07:00:00.000,0.97524,0.97570,0.97429,0.97488,6256.73
08.08.2019 08:00:00.000,0.97490,0.97518,0.97372,0.97489,5113.4702
08.08.2019 09:00:00.000,0.97490,0.97531,0.97450,0.97522,4949.3599
08.08.2019 10:00:00.000,0.97521,0.97603,0.97511,0.97598,3960.9099
08.08.2019 11:00:00.000,0.97598,0.97617,0.97464,0.97588,4493.5801
08.08.2019 12:00:00.000,0.97588,0.97713,0.97566,0.97647,6798.3301
08.08.2019 13:00:00.000,0.97647,0.97828,0.97571,0.97817,13128.1104
08.08.2019 14:00:00.000,0.97817,0.97865,0.97498,0.97765,10639.9404
08.08.2019 15:00:00.000,0.97763,0.97764,0.97478,0.97513,7502.75
08.08.2019 16:00:00.000,0.97513,0.97588,0.97493,0.97579,5171.6699
08.08.2019 17:00:00.000,0.97578,0.97598,0.97483,0.97532,5591.1201
08.08.2019 18:00:00.000,0.97532,0.97574,0.97458,0.97511,9071.3398
08.08.2019 19:00:00.000,0.97513,0.97522,0.97424,0.97443,4091.6799
08.08.2019 20:00:00.000,0.97443,0.97501,0.97440,0.97458,1341.12
08.08.2019 21:00:00.000,0.97464,0.97484,0.97334,0.97342,3694.03
08.08.2019 22:00:00.000,0.97361,0.97416,0.97341,0.97403,767.02
08.08.2019 23:00:00.000,0.97403,0.97411,0.97368,0.97400,931.27
09.08.2019 00:00:00.000,0.97400,0.97437,0.97367,0.97406,1307.77
09.08.2019 01:00:00.000,0.97406,0.97436,0.97377,0.97387,1775.63
09.08.2019 02:00:00.000,0.97386,0.97406,0.97365,0.97368,1003.39
09.08.2019 03:00:00.000,0.97369,0.97380,0.97356,0.97367,1147.97
09.08.2019 04:00:00.000,0.97368,0.97398,0.97359,0.97398,878.51
09.08.2019 05:00:00.000,0.97396,0.97410,0.97371,0.97389,659.5
09.08.2019 06:00:00.000,0.97389,0.97442,0.97361,0.97441,2339.1599
09.08.2019 07:00:00.000,0.97439,0.97537,0.97370,0.97514,3865.28
09.08.2019 08:00:00.000,0.97514,0.97536,0.97406,0.97417,4577.5098
09.08.2019 09:00:00.000,0.97417,0.97420,0.97241,0.97298,4530.6699
09.08.2019 10:00:00.000,0.97298,0.97360,0.97230,0.97295,3612.5801
09.08.2019 11:00:00.000,0.97294,0.97367,0.97220,0.97303,4739.0298
09.08.2019 12:00:00.000,0.97303,0.97336,0.97204,0.97215,6089.6001
09.08.2019 13:00:00.000,0.97215,0.97402,0.97185,0.97387,6069.6802
09.08.2019 14:00:00.000,0.97385,0.97442,0.97227,0.97372,11156.5596
09.08.2019 15:00:00.000,0.97373,0.97389,0.97108,0.97108,9676.2002
09.08.2019 16:00:00.000,0.97113,0.97317,0.97088,0.97230,10911.9805
09.08.2019 17:00:00.000,0.97231,0.97353,0.97222,0.97323,7951.1099
09.08.2019 18:00:00.000,0.97323,0.97326,0.97187,0.97220,4953.0698
09.08.2019 19:00:00.000,0.97220,0.97271,0.97214,0.97271,5773.2998
09.08.2019 20:00:00.000,0.97271,0.97286,0.97214,0.97247,1403.85
09.08.2019 21:00:00.000,0.97247,0.97247,0.97247,0.97247,0
09.08.2019 22:00:00.000,0.97247,0.97247,0.97247,0.97247,0
09.08.2019 23:00:00.000,0.97247,0.97247,0.97247,0.97247,0
10.08.2019 00:00:00.000,0.97247,0.97247,0.97247,0.97247,0
10.08.2019 01:00:00.000,0.97247,0.97247,0.97247,0.97247,0
10.08.2019 02:00:00.000,0.97247,0.97247,0.97247,0.97247,0
10.08.2019 03:00:00.000,0.97247,0.97247,0.97247,0.97247,0
10.08.2019 04:00:00.000,0.97247,0.97247,0.97247,0.97247,0
10.08.2019 05:00:00.000,0.97247,0.97247,0.97247,0.97247,0
10.08.2019 06:00:00.000,0.97247,0.97247,0.97247,0.97247,0
10.08.2019 07:00:00.000,0.97247,0.97247,0.97247,0.97247,0
10.08.2019 08:00:00.000,0.97247,0.97247,0.97247,0.97247,0
10.08.2019 09:00:00.000,0.97247,0.97247,0.97247,0.97247,0
10.08.2019 10:00:00.000,0.97247,0.97247,0.97247,0.97247,0
10.08.2019 11:00:00.000,0.97247,0.97247,0.97247,0.97247,0
10.08.2019 12:00:00.000,0.97247,0.97247,0.97247,0.97247,0
10.08.2019 13:00:00.000,0.97247,0.97247,0.97247,0.97247,0
10.08.2019 14:00:00.000,0.97247,0.97247,0.97247,0.97247,0
10.08.2019 15:00:00.000,0.97247,0.97247,0.97247,0.97247,0
10.08.2019 16:00:00.000,0.97247,0.97247,0.97247,0.97247,0
10.08.2019 17:00:00.000,0.97247,0.97247,0.97247,0.97247,0
10.08.2019 18:00:00.000,0.97247,0.97247,0.97247,0.97247,0
10.08.2019 19:00:00.000,0.97247,0.97247,0.97247,0.97247,0
10.08.2019 20:00:00.000,0.97247,0.97247,0.97247,0.97247,0
10.08.2019 21:00:00.000,0.97247,0.97247,0.97247,0.97247,0
10.08.2019 22:00:00.000,0.97247,0.97247,0.97247,0.97247,0
10.08.2019 23:00:00.000,0.97247,0.97247,0.97247,0.97247,0
11.08.2019 00:00:00.000,0.97247,0.97247,0.97247,0.97247,0
11.08.2019 01:00:00.000,0.97247,0.97247,0.97247,0.97247,0
11.08.2019 02:00:00.000,0.97247,0.97247,0.97247,0.97247,0
11.08.2019 03:00:00.000,0.97247,0.97247,0.97247,0.97247,0
11.08.2019 04:00:00.000,0.97247,0.97247,0.97247,0.97247,0
11.08.2019 05:00:00.000,0.97247,0.97247,0.97247,0.97247,0
11.08.2019 06:00:00.000,0.97247,0.97247,0.97247,0.97247,0
11.08.2019 07:00:00.000,0.97247,0.97247,0.97247,0.97247,0
11.08.2019 08:00:00.000,0.97247,0.97247,0.97247,0.97247,0
11.08.2019 09:00:00.000,0.97247,0.97247,0.97247,0.97247,0
11.08.2019 10:00:00.000,0.97247,0.97247,0.97247,0.97247,0
11.08.2019 11:00:00.000,0.97247,0.97247,0.97247,0.97247,0
11.08.2019 12:00:00.000,0.97247,0.97247,0.97247,0.97247,0
11.08.2019 13:00:00.000,0.97247,0.97247,0.97247,0.97247,0
11.08.2019 14:00:00.000,0.97247,0.97247,0.97247,0.97247,0
11.08.2019 15:00:00.000,0.97247,0.97247,0.97247,0.97247,0
11.08.2019 16:00:00.000,0.97247,0.97247,0.97247,0.97247,0
11.08.2019 17:00:00.000,0.97247,0.97247,0.97247,0.97247,0
11.08.2019 18:00:00.000,0.97247,0.97247,0.97247,0.97247,0
11.08.2019 19:00:00.000,0.97247,0.97247,0.97247,0.97247,0
11.08.2019 20:00:00.000,0.97247,0.97247,0.97247,0.97247,0
11.08.2019 21:00:00.000,0.97257,0.97289,0.97196,0.97266,291.7
11.08.2019 22:00:00.000,0.97245,0.97298,0.97235,0.97257,1816.4399
11.08.2019 23:00:00.000,0.97258,0.97263,0.97142,0.97142,2159.98
12.08.2019 00:00:00.000,0.97144,0.97180,0.97141,0.97165,2051.1201
12.08.2019 01:00:00.000,0.97166,0.97239,0.97165,0.97219,7069.3301
12.08.2019 02:00:00.000,0.97219,0.97225,0.97170,0.97191,6061.9902
12.08.2019 03:00:00.000,0.97191,0.97238,0.97180,0.97210,4843.75
12.08.2019 04:00:00.000,0.97209,0.97216,0.97162,0.97193,3929.3301
12.08.2019 05:00:00.000,0.97194,0.97239,0.97188,0.97202,4259.21
12.08.2019 06:00:00.000,0.97203,0.97310,0.97195,0.97299,4173.1299
12.08.2019 07:00:00.000,0.97299,0.97524,0.97288,0.97516,8664.6104
12.08.2019 08:00:00.000,0.97516,0.97535,0.97371,0.97388,9696.5098
12.08.2019 09:00:00.000,0.97388,0.97400,0.97265,0.97269,6557.3901
12.08.2019 10:00:00.000,0.97268,0.97299,0.97143,0.97151,5584.46
12.08.2019 11:00:00.000,0.97150,0.97267,0.97139,0.97229,6023.1802
12.08.2019 12:00:00.000,0.97230,0.97251,0.97090,0.97120,6323.6699
12.08.2019 13:00:00.000,0.97119,0.97136,0.96997,0.97114,8773.1699
12.08.2019 14:00:00.000,0.97114,0.97177,0.96978,0.97002,8011.5098
12.08.2019 15:00:00.000,0.97005,0.97033,0.96817,0.96979,8584.6104
12.08.2019 16:00:00.000,0.96979,0.97049,0.96942,0.97038,4491.1699
12.08.2019 17:00:00.000,0.97038,0.97055,0.96961,0.96976,3230.4299
12.08.2019 18:00:00.000,0.96978,0.97019,0.96860,0.96877,4612.48
12.08.2019 19:00:00.000,0.96876,0.96967,0.96875,0.96942,5301.9399
12.08.2019 20:00:00.000,0.96941,0.96970,0.96894,0.96916,1106.85
12.08.2019 21:00:00.000,0.96911,0.96928,0.96859,0.96868,787.93
12.08.2019 22:00:00.000,0.96872,0.96918,0.96863,0.96918,479.47
12.08.2019 23:00:00.000,0.96917,0.96938,0.96897,0.96919,2150.4299
13.08.2019 00:00:00.000,0.96918,0.96992,0.96895,0.96984,4558.54
13.08.2019 01:00:00.000,0.96984,0.97002,0.96935,0.96952,5542.7402
13.08.2019 02:00:00.000,0.96951,0.97269,0.96945,0.97228,4775.79
13.08.2019 03:00:00.000,0.97227,0.97257,0.97149,0.97231,6455.7998
13.08.2019 04:00:00.000,0.97230,0.97257,0.97205,0.97215,3323.3401
13.08.2019 05:00:00.000,0.97216,0.97244,0.97116,0.97147,3933.21
13.08.2019 06:00:00.000,0.97147,0.97183,0.97051,0.97122,5397.9502
13.08.2019 07:00:00.000,0.97120,0.97147,0.97008,0.97073,6289.25
13.08.2019 08:00:00.000,0.97072,0.97235,0.97067,0.97122,4509.98
13.08.2019 09:00:00.000,0.97126,0.97161,0.96833,0.96861,5239.96
13.08.2019 10:00:00.000,0.96861,0.96877,0.96766,0.96767,4663.23
13.08.2019 11:00:00.000,0.96769,0.96800,0.96720,0.96764,3931.1101
13.08.2019 12:00:00.000,0.96764,0.96825,0.96593,0.96693,8274.2002
13.08.2019 13:00:00.000,0.96693,0.97330,0.96646,0.97257,14951.3301
13.08.2019 14:00:00.000,0.97257,0.97680,0.97163,0.97396,26472.2598
13.08.2019 15:00:00.000,0.97397,0.97471,0.97265,0.97435,12391.0498
13.08.2019 16:00:00.000,0.97437,0.97624,0.97433,0.97528,8069.0801
13.08.2019 17:00:00.000,0.97535,0.97604,0.97401,0.97471,8360.5996
13.08.2019 18:00:00.000,0.97471,0.97609,0.97453,0.97606,5390.5
13.08.2019 19:00:00.000,0.97606,0.97638,0.97582,0.97618,4088.8401
13.08.2019 20:00:00.000,0.97617,0.97667,0.97605,0.97650,1008.93
13.08.2019 21:00:00.000,0.97650,0.97668,0.97594,0.97624,12218.3799
13.08.2019 22:00:00.000,0.97627,0.97632,0.97572,0.97577,825.95
13.08.2019 23:00:00.000,0.97578,0.97635,0.97578,0.97612,2237.98
14.08.2019 00:00:00.000,0.97613,0.97620,0.97517,0.97534,5088.2202
14.08.2019 01:00:00.000,0.97533,0.97665,0.97527,0.97565,6871.3901
14.08.2019 02:00:00.000,0.97564,0.97564,0.97450,0.97502,7502.1401
14.08.2019 03:00:00.000,0.97502,0.97606,0.97488,0.97595,4732.1001
14.08.2019 04:00:00.000,0.97595,0.97700,0.97575,0.97663,6465.3799
14.08.2019 05:00:00.000,0.97663,0.97692,0.97608,0.97622,6843.4302
14.08.2019 06:00:00.000,0.97620,0.97626,0.97509,0.97522,5025.7998
14.08.2019 07:00:00.000,0.97521,0.97547,0.97398,0.97455,5340.48
14.08.2019 08:00:00.000,0.97453,0.97469,0.97344,0.97385,4532.7002
14.08.2019 09:00:00.000,0.97386,0.97460,0.97373,0.97423,4207.7798
14.08.2019 10:00:00.000,0.97422,0.97423,0.97220,0.97237,7552.8999
14.08.2019 11:00:00.000,0.97237,0.97354,0.97060,0.97123,11957.96
14.08.2019 12:00:00.000,0.97123,0.97227,0.97052,0.97222,11958.8799
14.08.2019 13:00:00.000,0.97224,0.97329,0.97126,0.97318,13706.6201
14.08.2019 14:00:00.000,0.97318,0.97391,0.97212,0.97253,12702.0703
14.08.2019 15:00:00.000,0.97253,0.97401,0.97196,0.97361,8336.96
14.08.2019 16:00:00.000,0.97360,0.97443,0.97262,0.97285,5843.2202
14.08.2019 17:00:00.000,0.97283,0.97402,0.97254,0.97350,6682.6401
14.08.2019 18:00:00.000,0.97347,0.97392,0.97296,0.97340,5493.7402
14.08.2019 19:00:00.000,0.97341,0.97454,0.97339,0.97376,9433.6699
14.08.2019 20:00:00.000,0.97377,0.97393,0.97314,0.97314,2228.3201
14.08.2019 21:00:00.000,0.97314,0.97345,0.97281,0.97288,5940.7202
14.08.2019 22:00:00.000,0.97289,0.97331,0.97276,0.97296,727.88
14.08.2019 23:00:00.000,0.97296,0.97356,0.97276,0.97344,1532.95
15.08.2019 00:00:00.000,0.97345,0.97378,0.97306,0.97352,5498.1299
15.08.2019 01:00:00.000,0.97353,0.97374,0.97298,0.97362,7202.8901
15.08.2019 02:00:00.000,0.97364,0.97378,0.97332,0.97334,5225.1299
15.08.2019 03:00:00.000,0.97334,0.97379,0.97315,0.97337,3509.74
15.08.2019 04:00:00.000,0.97339,0.97354,0.97304,0.97341,4590.6499
15.08.2019 05:00:00.000,0.97341,0.97375,0.97323,0.97353,5146.46
15.08.2019 06:00:00.000,0.97352,0.97572,0.97330,0.97465,9752.6104
15.08.2019 07:00:00.000,0.97462,0.97497,0.97373,0.97476,10699.4502
15.08.2019 08:00:00.000,0.97476,0.97557,0.97434,0.97475,6927.3501
15.08.2019 09:00:00.000,0.97476,0.97513,0.97280,0.97326,11560.5801
15.08.2019 10:00:00.000,0.97330,0.97332,0.97215,0.97275,9862.7695
15.08.2019 11:00:00.000,0.97275,0.97464,0.97249,0.97409,31013.6895
15.08.2019 12:00:00.000,0.97408,0.97557,0.97381,0.97513,15243.9697
15.08.2019 13:00:00.000,0.97512,0.97760,0.97450,0.97728,20357.9492
15.08.2019 14:00:00.000,0.97727,0.97753,0.97547,0.97587,15752.5098
15.08.2019 15:00:00.000,0.97589,0.97675,0.97569,0.97624,8677.8203
15.08.2019 16:00:00.000,0.97623,0.97717,0.97570,0.97702,4821.2598
15.08.2019 17:00:00.000,0.97700,0.97713,0.97462,0.97517,7078.6802
15.08.2019 18:00:00.000,0.97518,0.97723,0.97496,0.97675,11000.9297
15.08.2019 19:00:00.000,0.97676,0.97730,0.97608,0.97623,6736.6201
15.08.2019 20:00:00.000,0.97625,0.97637,0.97581,0.97627,1604.47
15.08.2019 21:00:00.000,0.97613,0.97747,0.97586,0.97650,13098.3203
15.08.2019 22:00:00.000,0.97670,0.97683,0.97631,0.97657,729.48
15.08.2019 23:00:00.000,0.97658,0.97673,0.97635,0.97644,2103.72
16.08.2019 00:00:00.000,0.97643,0.97750,0.97627,0.97740,4788.79
16.08.2019 01:00:00.000,0.97738,0.97778,0.97719,0.97771,4347.3999
16.08.2019 02:00:00.000,0.97774,0.97856,0.97765,0.97827,4103.3901
16.08.2019 03:00:00.000,0.97827,0.97852,0.97799,0.97835,3251.3601
16.08.2019 04:00:00.000,0.97835,0.97886,0.97835,0.97866,2933.48
16.08.2019 05:00:00.000,0.97866,0.97893,0.97835,0.97839,3219.9199
16.08.2019 06:00:00.000,0.97839,0.97892,0.97828,0.97867,4855.5698
16.08.2019 07:00:00.000,0.97868,0.97983,0.97837,0.97904,7896.6099
16.08.2019 08:00:00.000,0.97902,0.97993,0.97855,0.97977,7608.6299
16.08.2019 09:00:00.000,0.97979,0.98066,0.97966,0.98043,8515.1299
16.08.2019 10:00:00.000,0.98042,0.98089,0.98009,0.98031,5595.2202
16.08.2019 11:00:00.000,0.98031,0.98035,0.97888,0.97957,7065.6899
16.08.2019 12:00:00.000,0.97958,0.98077,0.97931,0.98040,6983.7998
16.08.2019 13:00:00.000,0.98039,0.98039,0.97936,0.97977,6739.0698
16.08.2019 14:00:00.000,0.97985,0.98017,0.97903,0.97937,13482.9102
16.08.2019 15:00:00.000,0.97936,0.98021,0.97902,0.97994,6667.8301
16.08.2019 16:00:00.000,0.97995,0.98010,0.97871,0.97896,4289.3398
16.08.2019 17:00:00.000,0.97895,0.97917,0.97797,0.97814,3871.55
16.08.2019 18:00:00.000,0.97813,0.97867,0.97782,0.97816,3605.1299
16.08.2019 19:00:00.000,0.97815,0.97885,0.97800,0.97853,3960.25
16.08.2019 20:00:00.000,0.97858,0.97899,0.97801,0.97805,962.09
16.08.2019 21:00:00.000,0.97805,0.97805,0.97805,0.97805,0
16.08.2019 22:00:00.000,0.97805,0.97805,0.97805,0.97805,0
16.08.2019 23:00:00.000,0.97805,0.97805,0.97805,0.97805,0
17.08.2019 00:00:00.000,0.97805,0.97805,0.97805,0.97805,0
17.08.2019 01:00:00.000,0.97805,0.97805,0.97805,0.97805,0
17.08.2019 02:00:00.000,0.97805,0.97805,0.97805,0.97805,0
17.08.2019 03:00:00.000,0.97805,0.97805,0.97805,0.97805,0
17.08.2019 04:00:00.000,0.97805,0.97805,0.97805,0.97805,0
17.08.2019 05:00:00.000,0.97805,0.97805,0.97805,0.97805,0
17.08.2019 06:00:00.000,0.97805,0.97805,0.97805,0.97805,0
17.08.2019 07:00:00.000,0.97805,0.97805,0.97805,0.97805,0
17.08.2019 08:00:00.000,0.97805,0.97805,0.97805,0.97805,0
17.08.2019 09:00:00.000,0.97805,0.97805,0.97805,0.97805,0
17.08.2019 10:00:00.000,0.97805,0.97805,0.97805,0.97805,0
17.08.2019 11:00:00.000,0.97805,0.97805,0.97805,0.97805,0
17.08.2019 12:00:00.000,0.97805,0.97805,0.97805,0.97805,0
17.08.2019 13:00:00.000,0.97805,0.97805,0.97805,0.97805,0
17.08.2019 14:00:00.000,0.97805,0.97805,0.97805,0.97805,0
17.08.2019 15:00:00.000,0.97805,0.97805,0.97805,0.97805,0
17.08.2019 16:00:00.000,0.97805,0.97805,0.97805,0.97805,0
17.08.2019 17:00:00.000,0.97805,0.97805,0.97805,0.97805,0
17.08.2019 18:00:00.000,0.97805,0.97805,0.97805,0.97805,0
17.08.2019 19:00:00.000,0.97805,0.97805,0.97805,0.97805,0
17.08.2019 20:00:00.000,0.97805,0.97805,0.97805,0.97805,0
17.08.2019 21:00:00.000,0.97805,0.97805,0.97805,0.97805,0
17.08.2019 22:00:00.000,0.97805,0.97805,0.97805,0.97805,0
17.08.2019 23:00:00.000,0.97805,0.97805,0.97805,0.97805,0
18.08.2019 00:00:00.000,0.97805,0.97805,0.97805,0.97805,0
18.08.2019 01:00:00.000,0.97805,0.97805,0.97805,0.97805,0
18.08.2019 02:00:00.000,0.97805,0.97805,0.97805,0.97805,0
18.08.2019 03:00:00.000,0.97805,0.97805,0.97805,0.97805,0
18.08.2019 04:00:00.000,0.97805,0.97805,0.97805,0.97805,0
18.08.2019 05:00:00.000,0.97805,0.97805,0.97805,0.97805,0
18.08.2019 06:00:00.000,0.97805,0.97805,0.97805,0.97805,0
18.08.2019 07:00:00.000,0.97805,0.97805,0.97805,0.97805,0
18.08.2019 08:00:00.000,0.97805,0.97805,0.97805,0.97805,0
18.08.2019 09:00:00.000,0.97805,0.97805,0.97805,0.97805,0
18.08.2019 10:00:00.000,0.97805,0.97805,0.97805,0.97805,0
18.08.2019 11:00:00.000,0.97805,0.97805,0.97805,0.97805,0
18.08.2019 12:00:00.000,0.97805,0.97805,0.97805,0.97805,0
18.08.2019 13:00:00.000,0.97805,0.97805,0.97805,0.97805,0
18.08.2019 14:00:00.000,0.97805,0.97805,0.97805,0.97805,0
18.08.2019 15:00:00.000,0.97805,0.97805,0.97805,0.97805,0
18.08.2019 16:00:00.000,0.97805,0.97805,0.97805,0.97805,0
18.08.2019 17:00:00.000,0.97805,0.97805,0.97805,0.97805,0
18.08.2019 18:00:00.000,0.97805,0.97805,0.97805,0.97805,0
18.08.2019 19:00:00.000,0.97805,0.97805,0.97805,0.97805,0
18.08.2019 20:00:00.000,0.97805,0.97805,0.97805,0.97805,0
18.08.2019 21:00:00.000,0.97631,0.97980,0.97603,0.97753,937.7
18.08.2019 22:00:00.000,0.97778,0.97892,0.97753,0.97886,946.23
18.08.2019 23:00:00.000,0.97888,0.97949,0.97875,0.97927,1560.53
19.08.2019 00:00:00.000,0.97927,0.97951,0.97896,0.97905,2813
19.08.2019 01:00:00.000,0.97905,0.97948,0.97886,0.97894,2160.47
19.08.2019 02:00:00.000,0.97895,0.97899,0.97872,0.97893,1223.6
19.08.2019 03:00:00.000,0.97893,0.97981,0.97883,0.97962,2025.87
19.08.2019 04:00:00.000,0.97961,0.97972,0.97943,0.97950,1200.83
19.08.2019 05:00:00.000,0.97950,0.97990,0.97940,0.97988,3548.4099
19.08.2019 06:00:00.000,0.97988,0.97989,0.97845,0.97875,2747.6799
19.08.2019 07:00:00.000,0.97875,0.97905,0.97731,0.97739,5760.0601
19.08.2019 08:00:00.000,0.97740,0.97837,0.97733,0.97810,6095.2598
19.08.2019 09:00:00.000,0.97810,0.97935,0.97782,0.97934,3917.8501
19.08.2019 10:00:00.000,0.97934,0.98007,0.97911,0.97964,5075.1299
19.08.2019 11:00:00.000,0.97962,0.98076,0.97915,0.98012,4717.3301
19.08.2019 12:00:00.000,0.98011,0.98141,0.98002,0.98132,4004.0801
19.08.2019 13:00:00.000,0.98128,0.98210,0.98085,0.98093,3702.5
19.08.2019 14:00:00.000,0.98092,0.98097,0.97986,0.98066,4164.1802
19.08.2019 15:00:00.000,0.98062,0.98106,0.98044,0.98084,3665.8401
19.08.2019 16:00:00.000,0.98087,0.98087,0.97997,0.98037,2310.97
19.08.2019 17:00:00.000,0.98036,0.98049,0.97995,0.98042,1993.8199
19.08.2019 18:00:00.000,0.98043,0.98126,0.98034,0.98117,4060.6599
19.08.2019 19:00:00.000,0.98121,0.98167,0.98102,0.98161,3576.5801
19.08.2019 20:00:00.000,0.98161,0.98171,0.98150,0.98153,916.34
19.08.2019 21:00:00.000,0.98152,0.98166,0.98118,0.98132,934.48
19.08.2019 22:00:00.000,0.98134,0.98158,0.98120,0.98142,349.39
19.08.2019 23:00:00.000,0.98141,0.98162,0.98121,0.98130,980.11
20.08.2019 00:00:00.000,0.98130,0.98149,0.98101,0.98130,3167.8999
20.08.2019 01:00:00.000,0.98131,0.98144,0.98097,0.98141,2457.1699
20.08.2019 02:00:00.000,0.98140,0.98157,0.98084,0.98099,3475.5901
20.08.2019 03:00:00.000,0.98098,0.98098,0.98060,0.98089,2150.5701
20.08.2019 04:00:00.000,0.98090,0.98099,0.98068,0.98077,822.52
20.08.2019 05:00:00.000,0.98077,0.98110,0.98069,0.98089,1752.34
20.08.2019 06:00:00.000,0.98089,0.98102,0.98003,0.98032,4243.96
20.08.2019 07:00:00.000,0.98033,0.98072,0.97953,0.98000,6137.1099
20.08.2019 08:00:00.000,0.98001,0.98028,0.97951,0.97954,3330.24
20.08.2019 09:00:00.000,0.97953,0.97968,0.97865,0.97889,4019.74
20.08.2019 10:00:00.000,0.97890,0.97960,0.97881,0.97948,3681.3101
20.08.2019 11:00:00.000,0.97948,0.98047,0.97924,0.98045,3064.6101
20.08.2019 12:00:00.000,0.98044,0.98070,0.98001,0.98004,3830.3999
20.08.2019 13:00:00.000,0.98002,0.98054,0.97967,0.97998,8039.8701
20.08.2019 14:00:00.000,0.97997,0.98013,0.97877,0.97902,8333.9902
20.08.2019 15:00:00.000,0.97902,0.97983,0.97892,0.97916,5199.3901
20.08.2019 16:00:00.000,0.97915,0.97931,0.97833,0.97844,2900.3799
20.08.2019 17:00:00.000,0.97844,0.97864,0.97749,0.97793,2673.03
20.08.2019 18:00:00.000,0.97793,0.97822,0.97759,0.97814,2101.6599
20.08.2019 19:00:00.000,0.97814,0.97820,0.97754,0.97772,2853.5701
20.08.2019 20:00:00.000,0.97771,0.97815,0.97754,0.97767,1679.52
20.08.2019 21:00:00.000,0.97762,0.97807,0.97728,0.97770,4925.4902
20.08.2019 22:00:00.000,0.97786,0.97823,0.97768,0.97781,2640.6399
20.08.2019 23:00:00.000,0.97782,0.97810,0.97782,0.97799,599
21.08.2019 00:00:00.000,0.97800,0.97909,0.97799,0.97871,2466.71
21.08.2019 01:00:00.000,0.97870,0.97918,0.97859,0.97897,2186.25
21.08.2019 02:00:00.000,0.97898,0.97899,0.97838,0.97868,3374.8899
21.08.2019 03:00:00.000,0.97866,0.97889,0.97855,0.97879,3304.74
21.08.2019 04:00:00.000,0.97879,0.97933,0.97871,0.97916,1571.7
21.08.2019 05:00:00.000,0.97917,0.97935,0.97914,0.97926,705.25
21.08.2019 06:00:00.000,0.97927,0.97959,0.97886,0.97926,2493.8999
21.08.2019 07:00:00.000,0.97925,0.97965,0.97852,0.97944,3656.02
21.08.2019 08:00:00.000,0.97946,0.97997,0.97848,0.97982,4790.9702
21.08.2019 09:00:00.000,0.97984,0.98054,0.97956,0.98009,3879.04
21.08.2019 10:00:00.000,0.98010,0.98010,0.97933,0.97971,2674.6699
21.08.2019 11:00:00.000,0.97971,0.97972,0.97900,0.97935,2397.49
21.08.2019 12:00:00.000,0.97935,0.98063,0.97912,0.98063,4073.5801
21.08.2019 13:00:00.000,0.98063,0.98124,0.98030,0.98074,3884.6399
21.08.2019 14:00:00.000,0.98075,0.98120,0.98021,0.98105,5241.1001
21.08.2019 15:00:00.000,0.98104,0.98182,0.98081,0.98168,4086.3201
21.08.2019 16:00:00.000,0.98171,0.98173,0.98041,0.98045,3475.3501
21.08.2019 17:00:00.000,0.98045,0.98104,0.98042,0.98083,2540.72
21.08.2019 18:00:00.000,0.98077,0.98265,0.98020,0.98224,6931.7402
21.08.2019 19:00:00.000,0.98226,0.98289,0.98220,0.98272,5014.3599
21.08.2019 20:00:00.000,0.98272,0.98308,0.98222,0.98228,1072.74
21.08.2019 21:00:00.000,0.98227,0.98243,0.98186,0.98192,502.68
21.08.2019 22:00:00.000,0.98189,0.98212,0.98178,0.98182,535.68
21.08.2019 23:00:00.000,0.98183,0.98218,0.98182,0.98208,1084.6801
22.08.2019 00:00:00.000,0.98209,0.98291,0.98208,0.98282,2232.3701
22.08.2019 01:00:00.000,0.98282,0.98303,0.98224,0.98227,2093
22.08.2019 02:00:00.000,0.98227,0.98263,0.98205,0.98244,1807.52
22.08.2019 03:00:00.000,0.98244,0.98276,0.98213,0.98263,2318.6899
22.08.2019 04:00:00.000,0.98263,0.98273,0.98250,0.98262,2025.46
22.08.2019 05:00:00.000,0.98262,0.98263,0.98233,0.98245,1906.38
22.08.2019 06:00:00.000,0.98245,0.98245,0.98163,0.98191,2962.6201
22.08.2019 07:00:00.000,0.98191,0.98307,0.98134,0.98305,8910.2002
22.08.2019 08:00:00.000,0.98305,0.98306,0.98159,0.98215,6049.9102
22.08.2019 09:00:00.000,0.98216,0.98319,0.98214,0.98251,7009
22.08.2019 10:00:00.000,0.98249,0.98299,0.98196,0.98285,4829.96
22.08.2019 11:00:00.000,0.98285,0.98440,0.98251,0.98399,6863.4702
22.08.2019 12:00:00.000,0.98396,0.98422,0.98342,0.98402,6760.5801
22.08.2019 13:00:00.000,0.98403,0.98445,0.98249,0.98301,8045.2202
22.08.2019 14:00:00.000,0.98299,0.98413,0.98273,0.98389,9617.2998
22.08.2019 15:00:00.000,0.98390,0.98407,0.98331,0.98338,4852.25
22.08.2019 16:00:00.000,0.98338,0.98427,0.98331,0.98405,2992.6201
22.08.2019 17:00:00.000,0.98408,0.98421,0.98333,0.98351,2824.99
22.08.2019 18:00:00.000,0.98351,0.98376,0.98307,0.98351,2507.6299
22.08.2019 19:00:00.000,0.98353,0.98377,0.98342,0.98354,2357.8201
22.08.2019 20:00:00.000,0.98354,0.98403,0.98354,0.98358,1333.37
22.08.2019 21:00:00.000,0.98356,0.98376,0.98344,0.98359,312.99
22.08.2019 22:00:00.000,0.98346,0.98365,0.98327,0.98352,758.16
22.08.2019 23:00:00.000,0.98353,0.98372,0.98336,0.98363,1187.13
23.08.2019 00:00:00.000,0.98363,0.98447,0.98352,0.98441,2722.0701
23.08.2019 01:00:00.000,0.98441,0.98502,0.98431,0.98481,2427.03
23.08.2019 02:00:00.000,0.98478,0.98483,0.98448,0.98471,2148.3201
23.08.2019 03:00:00.000,0.98471,0.98532,0.98468,0.98515,1922.29
23.08.2019 04:00:00.000,0.98515,0.98544,0.98490,0.98505,1970.41
23.08.2019 05:00:00.000,0.98505,0.98558,0.98495,0.98539,1424.5699
23.08.2019 06:00:00.000,0.98539,0.98577,0.98534,0.98536,2144.8501
23.08.2019 07:00:00.000,0.98535,0.98642,0.98515,0.98615,5224.1299
23.08.2019 08:00:00.000,0.98615,0.98725,0.98568,0.98721,3461.8799
23.08.2019 09:00:00.000,0.98723,0.98723,0.98655,0.98683,3516.6101
23.08.2019 10:00:00.000,0.98683,0.98768,0.98683,0.98753,2561.5701
23.08.2019 11:00:00.000,0.98751,0.98759,0.98642,0.98665,2682.3201
23.08.2019 12:00:00.000,0.98665,0.98665,0.98359,0.98458,12320.8398
23.08.2019 13:00:00.000,0.98461,0.98470,0.98336,0.98410,5818.9399
23.08.2019 14:00:00.000,0.98412,0.98525,0.98066,0.98083,17210.0195
23.08.2019 15:00:00.000,0.98085,0.98100,0.97454,0.97471,17951.8691
23.08.2019 16:00:00.000,0.97474,0.97698,0.97473,0.97526,10090.0098
23.08.2019 17:00:00.000,0.97526,0.97545,0.97423,0.97488,8965.0498
23.08.2019 18:00:00.000,0.97488,0.97489,0.97352,0.97433,5153.98
23.08.2019 19:00:00.000,0.97434,0.97469,0.97377,0.97460,6179.9102
23.08.2019 20:00:00.000,0.97456,0.97544,0.97404,0.97404,1934.77
23.08.2019 21:00:00.000,0.97404,0.97404,0.97404,0.97404,0
23.08.2019 22:00:00.000,0.97404,0.97404,0.97404,0.97404,0
23.08.2019 23:00:00.000,0.97404,0.97404,0.97404,0.97404,0
24.08.2019 00:00:00.000,0.97404,0.97404,0.97404,0.97404,0
24.08.2019 01:00:00.000,0.97404,0.97404,0.97404,0.97404,0
24.08.2019 02:00:00.000,0.97404,0.97404,0.97404,0.97404,0
24.08.2019 03:00:00.000,0.97404,0.97404,0.97404,0.97404,0
24.08.2019 04:00:00.000,0.97404,0.97404,0.97404,0.97404,0
24.08.2019 05:00:00.000,0.97404,0.97404,0.97404,0.97404,0
24.08.2019 06:00:00.000,0.97404,0.97404,0.97404,0.97404,0
24.08.2019 07:00:00.000,0.97404,0.97404,0.97404,0.97404,0
24.08.2019 08:00:00.000,0.97404,0.97404,0.97404,0.97404,0
24.08.2019 09:00:00.000,0.97404,0.97404,0.97404,0.97404,0
24.08.2019 10:00:00.000,0.97404,0.97404,0.97404,0.97404,0
24.08.2019 11:00:00.000,0.97404,0.97404,0.97404,0.97404,0
24.08.2019 12:00:00.000,0.97404,0.97404,0.97404,0.97404,0
24.08.2019 13:00:00.000,0.97404,0.97404,0.97404,0.97404,0
24.08.2019 14:00:00.000,0.97404,0.97404,0.97404,0.97404,0
24.08.2019 15:00:00.000,0.97404,0.97404,0.97404,0.97404,0
24.08.2019 16:00:00.000,0.97404,0.97404,0.97404,0.97404,0
24.08.2019 17:00:00.000,0.97404,0.97404,0.97404,0.97404,0
24.08.2019 18:00:00.000,0.97404,0.97404,0.97404,0.97404,0
24.08.2019 19:00:00.000,0.97404,0.97404,0.97404,0.97404,0
24.08.2019 20:00:00.000,0.97404,0.97404,0.97404,0.97404,0
24.08.2019 21:00:00.000,0.97404,0.97404,0.97404,0.97404,0
24.08.2019 22:00:00.000,0.97404,0.97404,0.97404,0.97404,0
24.08.2019 23:00:00.000,0.97404,0.97404,0.97404,0.97404,0
25.08.2019 00:00:00.000,0.97404,0.97404,0.97404,0.97404,0
25.08.2019 01:00:00.000,0.97404,0.97404,0.97404,0.97404,0
25.08.2019 02:00:00.000,0.97404,0.97404,0.97404,0.97404,0
25.08.2019 03:00:00.000,0.97404,0.97404,0.97404,0.97404,0
25.08.2019 04:00:00.000,0.97404,0.97404,0.97404,0.97404,0
25.08.2019 05:00:00.000,0.97404,0.97404,0.97404,0.97404,0
25.08.2019 06:00:00.000,0.97404,0.97404,0.97404,0.97404,0
25.08.2019 07:00:00.000,0.97404,0.97404,0.97404,0.97404,0
25.08.2019 08:00:00.000,0.97404,0.97404,0.97404,0.97404,0
25.08.2019 09:00:00.000,0.97404,0.97404,0.97404,0.97404,0
25.08.2019 10:00:00.000,0.97404,0.97404,0.97404,0.97404,0
25.08.2019 11:00:00.000,0.97404,0.97404,0.97404,0.97404,0
25.08.2019 12:00:00.000,0.97404,0.97404,0.97404,0.97404,0
25.08.2019 13:00:00.000,0.97404,0.97404,0.97404,0.97404,0
25.08.2019 14:00:00.000,0.97404,0.97404,0.97404,0.97404,0
25.08.2019 15:00:00.000,0.97404,0.97404,0.97404,0.97404,0
25.08.2019 16:00:00.000,0.97404,0.97404,0.97404,0.97404,0
25.08.2019 17:00:00.000,0.97404,0.97404,0.97404,0.97404,0
25.08.2019 18:00:00.000,0.97404,0.97404,0.97404,0.97404,0
25.08.2019 19:00:00.000,0.97404,0.97404,0.97404,0.97404,0
25.08.2019 20:00:00.000,0.97404,0.97404,0.97404,0.97404,0
25.08.2019 21:00:00.000,0.97245,0.97340,0.97234,0.97244,2040.98
25.08.2019 22:00:00.000,0.97253,0.97259,0.97132,0.97232,4046.27
25.08.2019 23:00:00.000,0.97237,0.97309,0.97223,0.97282,4389.8301
26.08.2019 00:00:00.000,0.97285,0.97514,0.97285,0.97440,7856.3799
26.08.2019 01:00:00.000,0.97443,0.97590,0.97443,0.97506,10448.1299
26.08.2019 02:00:00.000,0.97507,0.97764,0.97483,0.97567,9404.0098
26.08.2019 03:00:00.000,0.97570,0.97624,0.97519,0.97582,6794.1699
26.08.2019 04:00:00.000,0.97584,0.97585,0.97479,0.97496,6202.3901
26.08.2019 05:00:00.000,0.97496,0.97551,0.97462,0.97484,10613.4902
26.08.2019 06:00:00.000,0.97484,0.97794,0.97399,0.97701,7665.1602
26.08.2019 07:00:00.000,0.97702,0.97860,0.97509,0.97681,17581.3105
26.08.2019 08:00:00.000,0.97680,0.97863,0.97632,0.97855,8161.4902
26.08.2019 09:00:00.000,0.97855,0.97999,0.97833,0.97853,7401.7202
26.08.2019 10:00:00.000,0.97853,0.98003,0.97849,0.97961,6591.3901
26.08.2019 11:00:00.000,0.97961,0.98077,0.97934,0.97980,6336.8501
26.08.2019 12:00:00.000,0.97979,0.98161,0.97866,0.98048,6635.4902
26.08.2019 13:00:00.000,0.98045,0.98045,0.97778,0.97805,14394.2803
26.08.2019 14:00:00.000,0.97808,0.97867,0.97770,0.97805,11491.1396
26.08.2019 15:00:00.000,0.97804,0.97847,0.97741,0.97819,8990.1299
26.08.2019 16:00:00.000,0.97819,0.97975,0.97786,0.97957,4988.8701
26.08.2019 17:00:00.000,0.97957,0.98076,0.97930,0.97951,5054.2002
26.08.2019 18:00:00.000,0.97952,0.97988,0.97893,0.97955,4714.3501
26.08.2019 19:00:00.000,0.97955,0.97968,0.97892,0.97935,3614.3999
26.08.2019 20:00:00.000,0.97932,0.97951,0.97835,0.97852,793.72
26.08.2019 21:00:00.000,0.97852,0.97915,0.97797,0.97895,1397.9399
26.08.2019 22:00:00.000,0.97910,0.97918,0.97879,0.97913,639.96
26.08.2019 23:00:00.000,0.97911,0.97953,0.97883,0.97901,1689.99
27.08.2019 00:00:00.000,0.97904,0.97919,0.97835,0.97836,4120.6499
27.08.2019 01:00:00.000,0.97836,0.97922,0.97826,0.97914,4626.5601
27.08.2019 02:00:00.000,0.97913,0.97916,0.97837,0.97849,2746.1799
27.08.2019 03:00:00.000,0.97849,0.97894,0.97819,0.97833,2407.1399
27.08.2019 04:00:00.000,0.97833,0.97906,0.97818,0.97893,1831.54
27.08.2019 05:00:00.000,0.97893,0.97894,0.97828,0.97837,3202.5701
27.08.2019 06:00:00.000,0.97838,0.97905,0.97788,0.97817,7042.5498
27.08.2019 07:00:00.000,0.97817,0.97888,0.97751,0.97884,9700.6396
27.08.2019 08:00:00.000,0.97884,0.98032,0.97883,0.98008,5916.4702
27.08.2019 09:00:00.000,0.98008,0.98066,0.97969,0.98007,9092.7998
27.08.2019 10:00:00.000,0.98007,0.98108,0.98007,0.98038,5771.5298
27.08.2019 11:00:00.000,0.98039,0.98075,0.97932,0.97992,6582.96
27.08.2019 12:00:00.000,0.97994,0.98108,0.97944,0.98095,5615.1499
27.08.2019 13:00:00.000,0.98092,0.98299,0.98084,0.98254,9007.9004
27.08.2019 14:00:00.000,0.98255,0.98370,0.98131,0.98136,9562.9404
27.08.2019 15:00:00.000,0.98135,0.98228,0.98094,0.98149,8104.1899
27.08.2019 16:00:00.000,0.98148,0.98183,0.98012,0.98019,5492.7002
27.08.2019 17:00:00.000,0.98019,0.98138,0.98013,0.98131,3295.78
27.08.2019 18:00:00.000,0.98130,0.98136,0.98068,0.98087,2228.28
27.08.2019 19:00:00.000,0.98087,0.98145,0.98087,0.98113,2816.0901
27.08.2019 20:00:00.000,0.98112,0.98136,0.98100,0.98109,960.73
27.08.2019 21:00:00.000,0.98122,0.98145,0.98098,0.98098,1426.9301
27.08.2019 22:00:00.000,0.98120,0.98151,0.98110,0.98133,1112.25
27.08.2019 23:00:00.000,0.98129,0.98154,0.98077,0.98107,1454.28
28.08.2019 00:00:00.000,0.98108,0.98157,0.98093,0.98136,5382.9399
28.08.2019 01:00:00.000,0.98135,0.98166,0.98107,0.98133,6708.0498
28.08.2019 02:00:00.000,0.98130,0.98182,0.98113,0.98154,4103.9199
28.08.2019 03:00:00.000,0.98154,0.98236,0.98142,0.98211,2898.6699
28.08.2019 04:00:00.000,0.98210,0.98222,0.98185,0.98193,1976.52
28.08.2019 05:00:00.000,0.98193,0.98217,0.98184,0.98206,2169.26
28.08.2019 06:00:00.000,0.98206,0.98283,0.98202,0.98264,3021.21
28.08.2019 07:00:00.000,0.98264,0.98276,0.98185,0.98224,4268.52
28.08.2019 08:00:00.000,0.98223,0.98277,0.98114,0.98146,9814.1904
28.08.2019 09:00:00.000,0.98146,0.98189,0.98113,0.98182,8330.3301
28.08.2019 10:00:00.000,0.98182,0.98199,0.98041,0.98051,6075.6001
28.08.2019 11:00:00.000,0.98051,0.98145,0.98031,0.98115,6122.1802
28.08.2019 12:00:00.000,0.98115,0.98145,0.98069,0.98141,5777.1499
28.08.2019 13:00:00.000,0.98142,0.98225,0.98010,0.98138,9838.29
28.08.2019 14:00:00.000,0.98138,0.98244,0.98087,0.98137,10807.0703
28.08.2019 15:00:00.000,0.98136,0.98161,0.98053,0.98071,6384.3901
28.08.2019 16:00:00.000,0.98071,0.98164,0.98071,0.98129,3497.8201
28.08.2019 17:00:00.000,0.98129,0.98157,0.98061,0.98093,4154.4302
28.08.2019 18:00:00.000,0.98093,0.98188,0.98089,0.98166,2468.55
28.08.2019 19:00:00.000,0.98166,0.98226,0.98154,0.98196,3908.1101
28.08.2019 20:00:00.000,0.98196,0.98198,0.98129,0.98129,1257.6899
28.08.2019 21:00:00.000,0.98129,0.98153,0.98068,0.98118,1683.35
28.08.2019 22:00:00.000,0.98137,0.98141,0.98108,0.98109,843.7
28.08.2019 23:00:00.000,0.98115,0.98150,0.98103,0.98143,2594.0601
29.08.2019 00:00:00.000,0.98143,0.98156,0.98059,0.98073,4415.04
29.08.2019 01:00:00.000,0.98075,0.98091,0.98012,0.98043,4607.1001
29.08.2019 02:00:00.000,0.98043,0.98053,0.98001,0.98021,2518.9299
29.08.2019 03:00:00.000,0.98023,0.98074,0.98019,0.98043,1659.3199
29.08.2019 04:00:00.000,0.98042,0.98058,0.98021,0.98052,2603.3799
29.08.2019 05:00:00.000,0.98051,0.98061,0.98029,0.98031,3317.25
29.08.2019 06:00:00.000,0.98031,0.98121,0.98030,0.98090,3925.6899
29.08.2019 07:00:00.000,0.98094,0.98211,0.98080,0.98182,8795.7598
29.08.2019 08:00:00.000,0.98182,0.98330,0.98156,0.98328,7139.8398
29.08.2019 09:00:00.000,0.98328,0.98425,0.98299,0.98357,6905.1899
29.08.2019 10:00:00.000,0.98358,0.98371,0.98218,0.98253,4299.8799
29.08.2019 11:00:00.000,0.98254,0.98319,0.98230,0.98261,3634.3799
29.08.2019 12:00:00.000,0.98261,0.98316,0.98175,0.98260,6035.0601
29.08.2019 13:00:00.000,0.98259,0.98426,0.98168,0.98409,9238.9199
29.08.2019 14:00:00.000,0.98410,0.98475,0.98245,0.98449,11625.7598
29.08.2019 15:00:00.000,0.98449,0.98571,0.98432,0.98528,6412.27
29.08.2019 16:00:00.000,0.98528,0.98671,0.98498,0.98640,3971.23
29.08.2019 17:00:00.000,0.98640,0.98750,0.98630,0.98659,4460.9302
29.08.2019 18:00:00.000,0.98659,0.98740,0.98659,0.98728,3372.77
29.08.2019 19:00:00.000,0.98729,0.98741,0.98663,0.98667,2660.73
29.08.2019 20:00:00.000,0.98666,0.98674,0.98639,0.98642,1433.73
29.08.2019 21:00:00.000,0.98642,0.98674,0.98620,0.98637,1114.95
29.08.2019 22:00:00.000,0.98633,0.98666,0.98629,0.98648,355.65
29.08.2019 23:00:00.000,0.98650,0.98655,0.98587,0.98596,1281.02
30.08.2019 00:00:00.000,0.98597,0.98709,0.98587,0.98697,5629.96
30.08.2019 01:00:00.000,0.98696,0.98738,0.98690,0.98721,4059.29
30.08.2019 02:00:00.000,0.98723,0.98757,0.98722,0.98748,3550.27
30.08.2019 03:00:00.000,0.98747,0.98807,0.98720,0.98774,2073.8999
30.08.2019 04:00:00.000,0.98774,0.98785,0.98735,0.98754,2017.33
30.08.2019 05:00:00.000,0.98753,0.98769,0.98712,0.98724,2878.98
30.08.2019 06:00:00.000,0.98724,0.98817,0.98684,0.98797,6955.04
30.08.2019 07:00:00.000,0.98802,0.98947,0.98765,0.98934,10196.2598
30.08.2019 08:00:00.000,0.98934,0.98951,0.98774,0.98850,5458.3599
30.08.2019 09:00:00.000,0.98849,0.98894,0.98773,0.98886,6234.4702
30.08.2019 10:00:00.000,0.98885,0.98937,0.98790,0.98934,5514.46
30.08.2019 11:00:00.000,0.98933,0.98934,0.98809,0.98846,6717.6001
30.08.2019 12:00:00.000,0.98851,0.98882,0.98751,0.98769,6116.6201
30.08.2019 13:00:00.000,0.98768,0.98888,0.98728,0.98786,6684.1401
30.08.2019 14:00:00.000,0.98784,0.98976,0.98726,0.98941,8432.6904
30.08.2019 15:00:00.000,0.98943,0.99026,0.98834,0.98984,11123.4697
30.08.2019 16:00:00.000,0.98985,0.99071,0.98985,0.99025,3536.46
30.08.2019 17:00:00.000,0.99026,0.99165,0.99009,0.99141,6011.4702
30.08.2019 18:00:00.000,0.99144,0.99174,0.99058,0.99063,4475.7998
30.08.2019 19:00:00.000,0.99062,0.99079,0.98951,0.98955,3356.54
30.08.2019 20:00:00.000,0.98954,0.98985,0.98928,0.98928,1376.36
30.08.2019 21:00:00.000,0.98928,0.98928,0.98928,0.98928,0
30.08.2019 22:00:00.000,0.98928,0.98928,0.98928,0.98928,0
30.08.2019 23:00:00.000,0.98928,0.98928,0.98928,0.98928,0
31.08.2019 00:00:00.000,0.98928,0.98928,0.98928,0.98928,0
31.08.2019 01:00:00.000,0.98928,0.98928,0.98928,0.98928,0
31.08.2019 02:00:00.000,0.98928,0.98928,0.98928,0.98928,0
31.08.2019 03:00:00.000,0.98928,0.98928,0.98928,0.98928,0
31.08.2019 04:00:00.000,0.98928,0.98928,0.98928,0.98928,0
31.08.2019 05:00:00.000,0.98928,0.98928,0.98928,0.98928,0
31.08.2019 06:00:00.000,0.98928,0.98928,0.98928,0.98928,0
31.08.2019 07:00:00.000,0.98928,0.98928,0.98928,0.98928,0
31.08.2019 08:00:00.000,0.98928,0.98928,0.98928,0.98928,0
31.08.2019 09:00:00.000,0.98928,0.98928,0.98928,0.98928,0
31.08.2019 10:00:00.000,0.98928,0.98928,0.98928,0.98928,0
31.08.2019 11:00:00.000,0.98928,0.98928,0.98928,0.98928,0
31.08.2019 12:00:00.000,0.98928,0.98928,0.98928,0.98928,0
31.08.2019 13:00:00.000,0.98928,0.98928,0.98928,0.98928,0
31.08.2019 14:00:00.000,0.98928,0.98928,0.98928,0.98928,0
31.08.2019 15:00:00.000,0.98928,0.98928,0.98928,0.98928,0
31.08.2019 16:00:00.000,0.98928,0.98928,0.98928,0.98928,0
31.08.2019 17:00:00.000,0.98928,0.98928,0.98928,0.98928,0
31.08.2019 18:00:00.000,0.98928,0.98928,0.98928,0.98928,0
31.08.2019 19:00:00.000,0.98928,0.98928,0.98928,0.98928,0
31.08.2019 20:00:00.000,0.98928,0.98928,0.98928,0.98928,0
31.08.2019 21:00:00.000,0.98928,0.98928,0.98928,0.98928,0
31.08.2019 22:00:00.000,0.98928,0.98928,0.98928,0.98928,0
31.08.2019 23:00:00.000,0.98928,0.98928,0.98928,0.98928,0
01.09.2019 00:00:00.000,0.98928,0.98928,0.98928,0.98928,0
01.09.2019 01:00:00.000,0.98928,0.98928,0.98928,0.98928,0
01.09.2019 02:00:00.000,0.98928,0.98928,0.98928,0.98928,0
01.09.2019 03:00:00.000,0.98928,0.98928,0.98928,0.98928,0
01.09.2019 04:00:00.000,0.98928,0.98928,0.98928,0.98928,0
01.09.2019 05:00:00.000,0.98928,0.98928,0.98928,0.98928,0
01.09.2019 06:00:00.000,0.98928,0.98928,0.98928,0.98928,0
01.09.2019 07:00:00.000,0.98928,0.98928,0.98928,0.98928,0
01.09.2019 08:00:00.000,0.98928,0.98928,0.98928,0.98928,0
01.09.2019 09:00:00.000,0.98928,0.98928,0.98928,0.98928,0
01.09.2019 10:00:00.000,0.98928,0.98928,0.98928,0.98928,0
01.09.2019 11:00:00.000,0.98928,0.98928,0.98928,0.98928,0
01.09.2019 12:00:00.000,0.98928,0.98928,0.98928,0.98928,0
01.09.2019 13:00:00.000,0.98928,0.98928,0.98928,0.98928,0
01.09.2019 14:00:00.000,0.98928,0.98928,0.98928,0.98928,0
01.09.2019 15:00:00.000,0.98928,0.98928,0.98928,0.98928,0
01.09.2019 16:00:00.000,0.98928,0.98928,0.98928,0.98928,0
01.09.2019 17:00:00.000,0.98928,0.98928,0.98928,0.98928,0
01.09.2019 18:00:00.000,0.98928,0.98928,0.98928,0.98928,0
01.09.2019 19:00:00.000,0.98928,0.98928,0.98928,0.98928,0
01.09.2019 20:00:00.000,0.98928,0.98928,0.98928,0.98928,0
01.09.2019 21:00:00.000,0.98982,0.99051,0.98928,0.98980,648.51
01.09.2019 22:00:00.000,0.98980,0.98980,0.98887,0.98887,1166.8999999999999
01.09.2019 23:00:00.000,0.98888,0.98942,0.98886,0.98940,1761.1299999999997
02.09.2019 00:00:00.000,0.98939,0.98980,0.98902,0.98935,3302.9299999999994
02.09.2019 01:00:00.000,0.98934,0.98999,0.98932,0.98987,5290.25
02.09.2019 02:00:00.000,0.98989,0.99047,0.98972,0.99020,3643.11
02.09.2019 03:00:00.000,0.99021,0.99024,0.98985,0.99000,2133.54
02.09.2019 04:00:00.000,0.99000,0.99043,0.98988,0.99040,1846.3600000000004
02.09.2019 05:00:00.000,0.99040,0.99079,0.99038,0.99051,2752.500000000001
02.09.2019 06:00:00.000,0.99053,0.99082,0.98998,0.99023,3457.7200000000003
02.09.2019 07:00:00.000,0.99024,0.99171,0.99011,0.99114,6620.059999999999
02.09.2019 08:00:00.000,0.99116,0.99122,0.98991,0.99060,5324.199999999999
02.09.2019 09:00:00.000,0.99060,0.99177,0.99056,0.99147,7270.620000000001
02.09.2019 10:00:00.000,0.99146,0.99146,0.99070,0.99125,3730.7099999999996
02.09.2019 11:00:00.000,0.99125,0.99148,0.99048,0.99133,3663.249999999998
02.09.2019 12:00:00.000,0.99136,0.99186,0.99128,0.99168,2932.670000000001
02.09.2019 13:00:00.000,0.99167,0.99191,0.99103,0.99128,3182.94
02.09.2019 14:00:00.000,0.99128,0.99188,0.99086,0.99098,2783.32
02.09.2019 15:00:00.000,0.99098,0.99138,0.99013,0.99046,2205.359999999999
02.09.2019 16:00:00.000,0.99046,0.99051,0.98961,0.98977,1647.8899999999994
02.09.2019 17:00:00.000,0.98977,0.99040,0.98977,0.99034,667.1300000000003
02.09.2019 18:00:00.000,0.99035,0.99049,0.99031,0.99044,399.4500000000001
02.09.2019 19:00:00.000,0.99044,0.99047,0.99014,0.99019,693.2900000000003
02.09.2019 20:00:00.000,0.99017,0.99063,0.99014,0.99048,1577.3199999999995
02.09.2019 21:00:00.000,0.98976,0.99047,0.98976,0.99039,612.48
02.09.2019 22:00:00.000,0.99035,0.99084,0.99034,0.99069,428.88000000000005
02.09.2019 23:00:00.000,0.99070,0.99083,0.99047,0.99057,1411.32
03.09.2019 00:00:00.000,0.99057,0.99187,0.99057,0.99181,3099.409999999999
03.09.2019 01:00:00.000,0.99181,0.99271,0.99174,0.99245,6294.370000000002
03.09.2019 02:00:00.000,0.99244,0.99287,0.99218,0.99275,3923.700000000001
03.09.2019 03:00:00.000,0.99275,0.99275,0.99202,0.99234,3381.079999999999
03.09.2019 04:00:00.000,0.99234,0.99247,0.99202,0.99223,2851.7400000000002
03.09.2019 05:00:00.000,0.99224,0.99257,0.99152,0.99164,5008.94
03.09.2019 06:00:00.000,0.99164,0.99265,0.99125,0.99209,7692.5199999999995
03.09.2019 07:00:00.000,0.99211,0.99264,0.99069,0.99110,8986.040000000003
03.09.2019 08:00:00.000,0.99112,0.99197,0.99089,0.99094,6235.209999999997
03.09.2019 09:00:00.000,0.99093,0.99128,0.98957,0.98967,5459.169999999998
03.09.2019 10:00:00.000,0.98967,0.99091,0.98930,0.99049,6378.65
03.09.2019 11:00:00.000,0.99047,0.99103,0.98984,0.99019,7485.27
03.09.2019 12:00:00.000,0.99019,0.99049,0.98962,0.98982,5105.159999999999
03.09.2019 13:00:00.000,0.98980,0.99005,0.98912,0.98960,7843.540000000001
03.09.2019 14:00:00.000,0.98959,0.98959,0.98630,0.98781,13057.539999999997
03.09.2019 15:00:00.000,0.98780,0.98787,0.98672,0.98716,7474.889999999999
03.09.2019 16:00:00.000,0.98716,0.98760,0.98682,0.98707,3970.3299999999995
03.09.2019 17:00:00.000,0.98707,0.98729,0.98641,0.98658,3058.420000000001
03.09.2019 18:00:00.000,0.98657,0.98751,0.98632,0.98734,2144.31
03.09.2019 19:00:00.000,0.98733,0.98750,0.98702,0.98745,2307.959999999999
03.09.2019 20:00:00.000,0.98745,0.98765,0.98652,0.98672,800.1699999999998
03.09.2019 21:00:00.000,0.98652,0.98761,0.98576,0.98680,2426.61
03.09.2019 22:00:00.000,0.98704,0.98733,0.98689,0.98689,515.11
03.09.2019 23:00:00.000,0.98690,0.98720,0.98660,0.98684,1504.6899999999994
04.09.2019 00:00:00.000,0.98685,0.98691,0.98639,0.98661,3242.8200000000006
04.09.2019 01:00:00.000,0.98660,0.98751,0.98645,0.98751,5637.409999999999
04.09.2019 02:00:00.000,0.98751,0.98766,0.98659,0.98661,3352.23
04.09.2019 03:00:00.000,0.98662,0.98703,0.98650,0.98673,2514.719999999999
04.09.2019 04:00:00.000,0.98673,0.98733,0.98665,0.98708,1778.96
04.09.2019 05:00:00.000,0.98708,0.98762,0.98679,0.98751,4100.86
04.09.2019 06:00:00.000,0.98751,0.98843,0.98704,0.98723,7438.7300000000005
04.09.2019 07:00:00.000,0.98728,0.98817,0.98704,0.98767,8331.52
04.09.2019 08:00:00.000,0.98771,0.98800,0.98574,0.98604,6952.7300000000005
04.09.2019 09:00:00.000,0.98604,0.98617,0.98449,0.98474,6210.230000000001
04.09.2019 10:00:00.000,0.98475,0.98529,0.98439,0.98441,4143.12
04.09.2019 11:00:00.000,0.98441,0.98523,0.98401,0.98454,4513.169999999999
04.09.2019 12:00:00.000,0.98456,0.98482,0.98431,0.98451,4391.200000000001
04.09.2019 13:00:00.000,0.98450,0.98491,0.98404,0.98420,5594.690000000001
04.09.2019 14:00:00.000,0.98422,0.98427,0.98097,0.98132,7842.29
04.09.2019 15:00:00.000,0.98132,0.98192,0.98037,0.98173,6203.130000000003
04.09.2019 16:00:00.000,0.98174,0.98184,0.98088,0.98124,3107.18
04.09.2019 17:00:00.000,0.98124,0.98160,0.98056,0.98060,3222.8100000000004
04.09.2019 18:00:00.000,0.98059,0.98092,0.97978,0.98019,3954.869999999999
04.09.2019 19:00:00.000,0.98018,0.98074,0.97982,0.98065,3207.479999999999
04.09.2019 20:00:00.000,0.98067,0.98137,0.98063,0.98063,1577.2999999999997
04.09.2019 21:00:00.000,0.98063,0.98095,0.98013,0.98061,472.18
04.09.2019 22:00:00.000,0.98064,0.98082,0.98045,0.98073,545.3000000000001
04.09.2019 23:00:00.000,0.98075,0.98092,0.98048,0.98084,1224.1199999999997
05.09.2019 00:00:00.000,0.98084,0.98144,0.98048,0.98119,3444.6699999999996
05.09.2019 01:00:00.000,0.98118,0.98358,0.98112,0.98358,8420.609999999999
05.09.2019 02:00:00.000,0.98358,0.98413,0.98298,0.98390,5774.9800000000005
05.09.2019 03:00:00.000,0.98389,0.98428,0.98371,0.98416,2348.8300000000004
05.09.2019 04:00:00.000,0.98415,0.98419,0.98357,0.98367,3459.4300000000007
05.09.2019 05:00:00.000,0.98368,0.98423,0.98306,0.98307,3561.39
05.09.2019 06:00:00.000,0.98307,0.98379,0.98280,0.98357,6248.880000000001
05.09.2019 07:00:00.000,0.98354,0.98384,0.98229,0.98246,8106.969999999999
05.09.2019 08:00:00.000,0.98246,0.98290,0.98196,0.98263,7234.039999999999
05.09.2019 09:00:00.000,0.98264,0.98285,0.98191,0.98281,7454.279999999998
05.09.2019 10:00:00.000,0.98281,0.98347,0.98248,0.98292,7861.379999999999
05.09.2019 11:00:00.000,0.98292,0.98351,0.98202,0.98202,6178.81
05.09.2019 12:00:00.000,0.98202,0.98396,0.98184,0.98359,6788.910000000001
05.09.2019 13:00:00.000,0.98359,0.98383,0.98249,0.98313,6773.24
05.09.2019 14:00:00.000,0.98332,0.98731,0.98332,0.98626,12155.810000000001
05.09.2019 15:00:00.000,0.98626,0.98717,0.98571,0.98685,5029.120000000001
05.09.2019 16:00:00.000,0.98685,0.98712,0.98618,0.98646,3956.899999999999
05.09.2019 17:00:00.000,0.98647,0.98700,0.98602,0.98666,2832.6800000000017
05.09.2019 18:00:00.000,0.98664,0.98686,0.98641,0.98679,2108.069999999999
05.09.2019 19:00:00.000,0.98679,0.98686,0.98657,0.98664,2000.2900000000002
05.09.2019 20:00:00.000,0.98663,0.98667,0.98579,0.98582,644.8699999999999
05.09.2019 21:00:00.000,0.98585,0.98623,0.98537,0.98582,3063.0100000000007
05.09.2019 22:00:00.000,0.98593,0.98601,0.98537,0.98587,720.65
05.09.2019 23:00:00.000,0.98590,0.98635,0.98565,0.98618,2529.19
06.09.2019 00:00:00.000,0.98618,0.98681,0.98563,0.98643,4235.209999999998
06.09.2019 01:00:00.000,0.98640,0.98685,0.98608,0.98681,3474.24
06.09.2019 02:00:00.000,0.98681,0.98705,0.98650,0.98698,3464.0599999999995
06.09.2019 03:00:00.000,0.98697,0.98731,0.98688,0.98719,1913.3299999999995
06.09.2019 04:00:00.000,0.98718,0.98732,0.98687,0.98709,2352.74
06.09.2019 05:00:00.000,0.98708,0.98711,0.98656,0.98669,3176.5799999999995
06.09.2019 06:00:00.000,0.98669,0.98719,0.98607,0.98696,5295.9699999999975
06.09.2019 07:00:00.000,0.98698,0.98784,0.98685,0.98769,6347.389999999999
06.09.2019 08:00:00.000,0.98769,0.98895,0.98768,0.98888,5015.9299999999985
06.09.2019 09:00:00.000,0.98889,0.99015,0.98885,0.98988,6331.119999999998
06.09.2019 10:00:00.000,0.98987,0.99101,0.98980,0.99071,5085.749999999998
06.09.2019 11:00:00.000,0.99071,0.99173,0.99069,0.99101,4971.289999999999
06.09.2019 12:00:00.000,0.99102,0.99118,0.98876,0.98917,10750.3
06.09.2019 13:00:00.000,0.98916,0.98935,0.98708,0.98782,8533.39
06.09.2019 14:00:00.000,0.98781,0.98805,0.98621,0.98632,7319.920000000001
06.09.2019 15:00:00.000,0.98630,0.98683,0.98613,0.98668,4479.33
06.09.2019 16:00:00.000,0.98671,0.98830,0.98598,0.98755,5469.440000000002
06.09.2019 17:00:00.000,0.98755,0.98842,0.98681,0.98700,5190.290000000002
06.09.2019 18:00:00.000,0.98703,0.98789,0.98694,0.98784,2810.09
06.09.2019 19:00:00.000,0.98784,0.98810,0.98763,0.98805,2316.19
06.09.2019 20:00:00.000,0.98802,0.98810,0.98712,0.98717,1197.9600000000003
06.09.2019 21:00:00.000,0.98717,0.98717,0.98717,0.98717,0
06.09.2019 22:00:00.000,0.98717,0.98717,0.98717,0.98717,0
06.09.2019 23:00:00.000,0.98717,0.98717,0.98717,0.98717,0
07.09.2019 00:00:00.000,0.98717,0.98717,0.98717,0.98717,0
07.09.2019 01:00:00.000,0.98717,0.98717,0.98717,0.98717,0
07.09.2019 02:00:00.000,0.98717,0.98717,0.98717,0.98717,0
07.09.2019 03:00:00.000,0.98717,0.98717,0.98717,0.98717,0
07.09.2019 04:00:00.000,0.98717,0.98717,0.98717,0.98717,0
07.09.2019 05:00:00.000,0.98717,0.98717,0.98717,0.98717,0
07.09.2019 06:00:00.000,0.98717,0.98717,0.98717,0.98717,0
07.09.2019 07:00:00.000,0.98717,0.98717,0.98717,0.98717,0
07.09.2019 08:00:00.000,0.98717,0.98717,0.98717,0.98717,0
07.09.2019 09:00:00.000,0.98717,0.98717,0.98717,0.98717,0
07.09.2019 10:00:00.000,0.98717,0.98717,0.98717,0.98717,0
07.09.2019 11:00:00.000,0.98717,0.98717,0.98717,0.98717,0
07.09.2019 12:00:00.000,0.98717,0.98717,0.98717,0.98717,0
07.09.2019 13:00:00.000,0.98717,0.98717,0.98717,0.98717,0
07.09.2019 14:00:00.000,0.98717,0.98717,0.98717,0.98717,0
07.09.2019 15:00:00.000,0.98717,0.98717,0.98717,0.98717,0
07.09.2019 16:00:00.000,0.98717,0.98717,0.98717,0.98717,0
07.09.2019 17:00:00.000,0.98717,0.98717,0.98717,0.98717,0
07.09.2019 18:00:00.000,0.98717,0.98717,0.98717,0.98717,0
07.09.2019 19:00:00.000,0.98717,0.98717,0.98717,0.98717,0
07.09.2019 20:00:00.000,0.98717,0.98717,0.98717,0.98717,0
07.09.2019 21:00:00.000,0.98717,0.98717,0.98717,0.98717,0
07.09.2019 22:00:00.000,0.98717,0.98717,0.98717,0.98717,0
07.09.2019 23:00:00.000,0.98717,0.98717,0.98717,0.98717,0
08.09.2019 00:00:00.000,0.98717,0.98717,0.98717,0.98717,0
08.09.2019 01:00:00.000,0.98717,0.98717,0.98717,0.98717,0
08.09.2019 02:00:00.000,0.98717,0.98717,0.98717,0.98717,0
08.09.2019 03:00:00.000,0.98717,0.98717,0.98717,0.98717,0
08.09.2019 04:00:00.000,0.98717,0.98717,0.98717,0.98717,0
08.09.2019 05:00:00.000,0.98717,0.98717,0.98717,0.98717,0
08.09.2019 06:00:00.000,0.98717,0.98717,0.98717,0.98717,0
08.09.2019 07:00:00.000,0.98717,0.98717,0.98717,0.98717,0
08.09.2019 08:00:00.000,0.98717,0.98717,0.98717,0.98717,0
08.09.2019 09:00:00.000,0.98717,0.98717,0.98717,0.98717,0
08.09.2019 10:00:00.000,0.98717,0.98717,0.98717,0.98717,0
08.09.2019 11:00:00.000,0.98717,0.98717,0.98717,0.98717,0
08.09.2019 12:00:00.000,0.98717,0.98717,0.98717,0.98717,0
08.09.2019 13:00:00.000,0.98717,0.98717,0.98717,0.98717,0
08.09.2019 14:00:00.000,0.98717,0.98717,0.98717,0.98717,0
08.09.2019 15:00:00.000,0.98717,0.98717,0.98717,0.98717,0
08.09.2019 16:00:00.000,0.98717,0.98717,0.98717,0.98717,0
08.09.2019 17:00:00.000,0.98717,0.98717,0.98717,0.98717,0
08.09.2019 18:00:00.000,0.98717,0.98717,0.98717,0.98717,0
08.09.2019 19:00:00.000,0.98717,0.98717,0.98717,0.98717,0
08.09.2019 20:00:00.000,0.98717,0.98717,0.98717,0.98717,0
08.09.2019 21:00:00.000,0.98781,0.98795,0.98713,0.98729,903.1400000000001
08.09.2019 22:00:00.000,0.98735,0.98795,0.98725,0.98785,3915.500000000001
08.09.2019 23:00:00.000,0.98787,0.98843,0.98787,0.98830,2522.5600000000004
09.09.2019 00:00:00.000,0.98830,0.98933,0.98811,0.98917,4218.249999999999
09.09.2019 01:00:00.000,0.98917,0.98930,0.98840,0.98871,6229
09.09.2019 02:00:00.000,0.98872,0.98912,0.98864,0.98902,4305.61
09.09.2019 03:00:00.000,0.98901,0.98908,0.98865,0.98895,3154.9999999999995
09.09.2019 04:00:00.000,0.98894,0.98918,0.98885,0.98912,4224.689999999999
09.09.2019 05:00:00.000,0.98913,0.98913,0.98871,0.98884,2636.84
09.09.2019 06:00:00.000,0.98883,0.98905,0.98863,0.98903,3362.9900000000002
09.09.2019 07:00:00.000,0.98903,0.98998,0.98886,0.98984,5307.8499999999985
09.09.2019 08:00:00.000,0.98983,0.99074,0.98957,0.99045,4165.790000000002
09.09.2019 09:00:00.000,0.99045,0.99073,0.98976,0.98992,3685.2800000000007
09.09.2019 10:00:00.000,0.98993,0.99153,0.98968,0.99109,3742.68
09.09.2019 11:00:00.000,0.99113,0.99140,0.98968,0.99004,3737.6299999999997
09.09.2019 12:00:00.000,0.99005,0.99114,0.98876,0.99098,6122.1900000000005
09.09.2019 13:00:00.000,0.99095,0.99122,0.99018,0.99022,5186.059999999999
09.09.2019 14:00:00.000,0.99022,0.99086,0.98946,0.99026,6344.09
09.09.2019 15:00:00.000,0.99028,0.99099,0.98991,0.99098,4185.669999999999
09.09.2019 16:00:00.000,0.99098,0.99098,0.98931,0.99050,4659.180000000001
09.09.2019 17:00:00.000,0.99049,0.99132,0.99047,0.99123,3245.11
09.09.2019 18:00:00.000,0.99123,0.99181,0.99119,0.99173,2755.3700000000003
09.09.2019 19:00:00.000,0.99171,0.99204,0.99155,0.99186,2149.8
09.09.2019 20:00:00.000,0.99191,0.99223,0.99172,0.99198,995.0500000000002
09.09.2019 21:00:00.000,0.99198,0.99207,0.99124,0.99155,804.7300000000001
09.09.2019 22:00:00.000,0.99158,0.99199,0.99156,0.99199,691.4300000000001
09.09.2019 23:00:00.000,0.99198,0.99246,0.99183,0.99240,2331.1700000000005
10.09.2019 00:00:00.000,0.99242,0.99271,0.99195,0.99266,3264.02
10.09.2019 01:00:00.000,0.99265,0.99313,0.99223,0.99244,4632.269999999998
10.09.2019 02:00:00.000,0.99248,0.99259,0.99204,0.99207,3387.879999999999
10.09.2019 03:00:00.000,0.99208,0.99260,0.99196,0.99247,1257.9499999999998
10.09.2019 04:00:00.000,0.99248,0.99249,0.99214,0.99226,1358.31
10.09.2019 05:00:00.000,0.99226,0.99235,0.99174,0.99194,1824.8500000000001
10.09.2019 06:00:00.000,0.99196,0.99247,0.99160,0.99167,3638.5799999999995
10.09.2019 07:00:00.000,0.99169,0.99200,0.99084,0.99143,4770.4
10.09.2019 08:00:00.000,0.99142,0.99178,0.99081,0.99119,4429.82
10.09.2019 09:00:00.000,0.99123,0.99144,0.98960,0.99005,4013.4499999999994
10.09.2019 10:00:00.000,0.99005,0.99092,0.98985,0.99077,3277.3600000000006
10.09.2019 11:00:00.000,0.99077,0.99221,0.99075,0.99154,5127.800000000002
10.09.2019 12:00:00.000,0.99154,0.99163,0.98959,0.99019,5672.33
10.09.2019 13:00:00.000,0.99019,0.99114,0.98980,0.99048,6011.4
10.09.2019 14:00:00.000,0.99046,0.99091,0.98886,0.98933,7381.239999999999
10.09.2019 15:00:00.000,0.98932,0.99133,0.98910,0.99078,6623.050000000001
10.09.2019 16:00:00.000,0.99077,0.99177,0.99032,0.99150,4491.11
10.09.2019 17:00:00.000,0.99149,0.99154,0.99051,0.99065,3177.869999999999
10.09.2019 18:00:00.000,0.99064,0.99158,0.99038,0.99102,2773.370000000001
10.09.2019 19:00:00.000,0.99100,0.99211,0.99097,0.99194,3825.2400000000002
10.09.2019 20:00:00.000,0.99192,0.99219,0.99170,0.99170,1061.0900000000001
10.09.2019 21:00:00.000,0.99170,0.99196,0.99130,0.99136,2495.16
10.09.2019 22:00:00.000,0.99154,0.99161,0.99124,0.99139,579.1700000000001
10.09.2019 23:00:00.000,0.99140,0.99191,0.99113,0.99155,2468.52
11.09.2019 00:00:00.000,0.99155,0.99203,0.99127,0.99199,4125.07
11.09.2019 01:00:00.000,0.99201,0.99236,0.99176,0.99204,4518.410000000001
11.09.2019 02:00:00.000,0.99204,0.99207,0.99173,0.99195,3981.6500000000015
11.09.2019 03:00:00.000,0.99195,0.99230,0.99193,0.99207,3095.59
11.09.2019 04:00:00.000,0.99208,0.99215,0.99121,0.99174,5206.88
11.09.2019 05:00:00.000,0.99175,0.99228,0.99158,0.99183,2821.7000000000007
11.09.2019 06:00:00.000,0.99185,0.99241,0.99147,0.99238,3805.979999999999
11.09.2019 07:00:00.000,0.99238,0.99318,0.99208,0.99289,5442.410000000002
11.09.2019 08:00:00.000,0.99289,0.99403,0.99287,0.99362,4822.959999999999
11.09.2019 09:00:00.000,0.99361,0.99375,0.99286,0.99325,4000.689999999999
11.09.2019 10:00:00.000,0.99325,0.99404,0.99300,0.99321,4586.88
11.09.2019 11:00:00.000,0.99321,0.99431,0.99318,0.99402,4391.440000000001
11.09.2019 12:00:00.000,0.99403,0.99403,0.99325,0.99344,4771.599999999999
11.09.2019 13:00:00.000,0.99344,0.99400,0.99305,0.99329,5498.460000000003
11.09.2019 14:00:00.000,0.99331,0.99389,0.99294,0.99367,5841.970000000001
11.09.2019 15:00:00.000,0.99373,0.99381,0.99283,0.99331,3768.9400000000005
11.09.2019 16:00:00.000,0.99332,0.99346,0.99278,0.99316,2341.4
11.09.2019 17:00:00.000,0.99317,0.99345,0.99243,0.99293,2750.9199999999996
11.09.2019 18:00:00.000,0.99293,0.99319,0.99258,0.99296,2034.4699999999996
11.09.2019 19:00:00.000,0.99297,0.99315,0.99256,0.99293,2025.4500000000003
11.09.2019 20:00:00.000,0.99293,0.99302,0.99258,0.99274,1020.9599999999998
11.09.2019 21:00:00.000,0.99271,0.99295,0.99256,0.99291,500.13
11.09.2019 22:00:00.000,0.99292,0.99345,0.99287,0.99307,648.1300000000002
11.09.2019 23:00:00.000,0.99306,0.99383,0.99277,0.99367,3816.24
12.09.2019 00:00:00.000,0.99367,0.99399,0.99349,0.99380,5658.28
12.09.2019 01:00:00.000,0.99379,0.99379,0.99278,0.99319,4210.03
12.09.2019 02:00:00.000,0.99320,0.99350,0.99306,0.99344,3888.7400000000002
12.09.2019 03:00:00.000,0.99342,0.99392,0.99316,0.99358,3907.1000000000004
12.09.2019 04:00:00.000,0.99356,0.99371,0.99328,0.99345,2814.32
12.09.2019 05:00:00.000,0.99345,0.99356,0.99297,0.99298,1976.91
12.09.2019 06:00:00.000,0.99298,0.99333,0.99201,0.99207,4054.5699999999997
12.09.2019 07:00:00.000,0.99210,0.99252,0.99161,0.99166,6244.380000000003
12.09.2019 08:00:00.000,0.99165,0.99167,0.98983,0.99037,4976.039999999999
12.09.2019 09:00:00.000,0.99037,0.99123,0.98987,0.99007,4141.17
12.09.2019 10:00:00.000,0.99007,0.99117,0.99006,0.99027,3931.4700000000003
12.09.2019 11:00:00.000,0.99028,0.99465,0.98946,0.99405,10059.41
12.09.2019 12:00:00.000,0.99405,0.99454,0.99104,0.99350,19318.560000000005
12.09.2019 13:00:00.000,0.99353,0.99379,0.98917,0.98986,20153.820000000007
12.09.2019 14:00:00.000,0.98989,0.99138,0.98817,0.99133,15963.94
12.09.2019 15:00:00.000,0.99132,0.99167,0.98887,0.98910,8687.880000000001
12.09.2019 16:00:00.000,0.98910,0.98972,0.98863,0.98891,5653.640000000001
12.09.2019 17:00:00.000,0.98890,0.98938,0.98801,0.98937,5033.370000000002
12.09.2019 18:00:00.000,0.98936,0.99056,0.98921,0.99045,3385.8199999999997
12.09.2019 19:00:00.000,0.99045,0.99118,0.99045,0.99076,2460.2599999999993
12.09.2019 20:00:00.000,0.99078,0.99083,0.99025,0.99030,733.2100000000002
12.09.2019 21:00:00.000,0.99027,0.99057,0.99014,0.99017,1322.2800000000002
12.09.2019 22:00:00.000,0.99016,0.99057,0.99004,0.99049,1340.9899999999998
12.09.2019 23:00:00.000,0.99049,0.99070,0.99034,0.99056,1193.7299999999996
13.09.2019 00:00:00.000,0.99056,0.99058,0.98944,0.98955,4056.06
13.09.2019 01:00:00.000,0.98954,0.98980,0.98936,0.98953,3358.0999999999985
13.09.2019 02:00:00.000,0.98956,0.98991,0.98944,0.98985,2055.6600000000003
13.09.2019 03:00:00.000,0.98988,0.99037,0.98974,0.99004,2145.62
13.09.2019 04:00:00.000,0.99004,0.99005,0.98959,0.98986,2354.4899999999993
13.09.2019 05:00:00.000,0.98983,0.98986,0.98953,0.98966,1469.38
13.09.2019 06:00:00.000,0.98965,0.98968,0.98737,0.98790,7099.349999999999
13.09.2019 07:00:00.000,0.98792,0.98824,0.98688,0.98758,8132.399999999999
13.09.2019 08:00:00.000,0.98758,0.98909,0.98754,0.98769,7808.64
13.09.2019 09:00:00.000,0.98768,0.98803,0.98690,0.98695,5201.770000000001
13.09.2019 10:00:00.000,0.98695,0.98709,0.98591,0.98658,3604.96
13.09.2019 11:00:00.000,0.98658,0.98660,0.98539,0.98554,3218.1
13.09.2019 12:00:00.000,0.98554,0.98805,0.98541,0.98764,7082.570000000001
13.09.2019 13:00:00.000,0.98764,0.98813,0.98684,0.98767,6803.549999999998
13.09.2019 14:00:00.000,0.98767,0.98839,0.98716,0.98770,7856.549999999999
13.09.2019 15:00:00.000,0.98768,0.99038,0.98738,0.98979,4480.100000000001
13.09.2019 16:00:00.000,0.98979,0.99076,0.98978,0.99037,3531.7099999999996
13.09.2019 17:00:00.000,0.99036,0.99081,0.99003,0.99055,3815.07
13.09.2019 18:00:00.000,0.99056,0.99107,0.99046,0.99095,3239.8500000000004
13.09.2019 19:00:00.000,0.99096,0.99096,0.99000,0.99007,2743.8799999999987
13.09.2019 20:00:00.000,0.99005,0.99027,0.98979,0.98994,1754.3999999999996
13.09.2019 21:00:00.000,0.98994,0.98994,0.98994,0.98994,0
13.09.2019 22:00:00.000,0.98994,0.98994,0.98994,0.98994,0
13.09.2019 23:00:00.000,0.98994,0.98994,0.98994,0.98994,0
14.09.2019 00:00:00.000,0.98994,0.98994,0.98994,0.98994,0
14.09.2019 01:00:00.000,0.98994,0.98994,0.98994,0.98994,0
14.09.2019 02:00:00.000,0.98994,0.98994,0.98994,0.98994,0
14.09.2019 03:00:00.000,0.98994,0.98994,0.98994,0.98994,0
14.09.2019 04:00:00.000,0.98994,0.98994,0.98994,0.98994,0
14.09.2019 05:00:00.000,0.98994,0.98994,0.98994,0.98994,0
14.09.2019 06:00:00.000,0.98994,0.98994,0.98994,0.98994,0
14.09.2019 07:00:00.000,0.98994,0.98994,0.98994,0.98994,0
14.09.2019 08:00:00.000,0.98994,0.98994,0.98994,0.98994,0
14.09.2019 09:00:00.000,0.98994,0.98994,0.98994,0.98994,0
14.09.2019 10:00:00.000,0.98994,0.98994,0.98994,0.98994,0
14.09.2019 11:00:00.000,0.98994,0.98994,0.98994,0.98994,0
14.09.2019 12:00:00.000,0.98994,0.98994,0.98994,0.98994,0
14.09.2019 13:00:00.000,0.98994,0.98994,0.98994,0.98994,0
14.09.2019 14:00:00.000,0.98994,0.98994,0.98994,0.98994,0
14.09.2019 15:00:00.000,0.98994,0.98994,0.98994,0.98994,0
14.09.2019 16:00:00.000,0.98994,0.98994,0.98994,0.98994,0
14.09.2019 17:00:00.000,0.98994,0.98994,0.98994,0.98994,0
14.09.2019 18:00:00.000,0.98994,0.98994,0.98994,0.98994,0
14.09.2019 19:00:00.000,0.98994,0.98994,0.98994,0.98994,0
14.09.2019 20:00:00.000,0.98994,0.98994,0.98994,0.98994,0
14.09.2019 21:00:00.000,0.98994,0.98994,0.98994,0.98994,0
14.09.2019 22:00:00.000,0.98994,0.98994,0.98994,0.98994,0
14.09.2019 23:00:00.000,0.98994,0.98994,0.98994,0.98994,0
15.09.2019 00:00:00.000,0.98994,0.98994,0.98994,0.98994,0
15.09.2019 01:00:00.000,0.98994,0.98994,0.98994,0.98994,0
15.09.2019 02:00:00.000,0.98994,0.98994,0.98994,0.98994,0
15.09.2019 03:00:00.000,0.98994,0.98994,0.98994,0.98994,0
15.09.2019 04:00:00.000,0.98994,0.98994,0.98994,0.98994,0
15.09.2019 05:00:00.000,0.98994,0.98994,0.98994,0.98994,0
15.09.2019 06:00:00.000,0.98994,0.98994,0.98994,0.98994,0
15.09.2019 07:00:00.000,0.98994,0.98994,0.98994,0.98994,0
15.09.2019 08:00:00.000,0.98994,0.98994,0.98994,0.98994,0
15.09.2019 09:00:00.000,0.98994,0.98994,0.98994,0.98994,0
15.09.2019 10:00:00.000,0.98994,0.98994,0.98994,0.98994,0
15.09.2019 11:00:00.000,0.98994,0.98994,0.98994,0.98994,0
15.09.2019 12:00:00.000,0.98994,0.98994,0.98994,0.98994,0
15.09.2019 13:00:00.000,0.98994,0.98994,0.98994,0.98994,0
15.09.2019 14:00:00.000,0.98994,0.98994,0.98994,0.98994,0
15.09.2019 15:00:00.000,0.98994,0.98994,0.98994,0.98994,0
15.09.2019 16:00:00.000,0.98994,0.98994,0.98994,0.98994,0
15.09.2019 17:00:00.000,0.98994,0.98994,0.98994,0.98994,0
15.09.2019 18:00:00.000,0.98994,0.98994,0.98994,0.98994,0
15.09.2019 19:00:00.000,0.98994,0.98994,0.98994,0.98994,0
15.09.2019 20:00:00.000,0.98994,0.98994,0.98994,0.98994,0
15.09.2019 21:00:00.000,0.98742,0.98774,0.98736,0.98753,348.03000000000014
15.09.2019 22:00:00.000,0.98753,0.98791,0.98734,0.98747,1630.1399999999992
15.09.2019 23:00:00.000,0.98747,0.98760,0.98667,0.98683,1957.0699999999995
16.09.2019 00:00:00.000,0.98680,0.98739,0.98645,0.98716,3979.4400000000005
16.09.2019 01:00:00.000,0.98715,0.98743,0.98676,0.98740,3731.42
16.09.2019 02:00:00.000,0.98740,0.98808,0.98735,0.98807,1621.8
16.09.2019 03:00:00.000,0.98807,0.98891,0.98781,0.98871,3500.309999999999
16.09.2019 04:00:00.000,0.98872,0.98878,0.98821,0.98829,1087.0900000000001
16.09.2019 05:00:00.000,0.98830,0.98882,0.98830,0.98861,1919.2000000000005
16.09.2019 06:00:00.000,0.98862,0.98872,0.98802,0.98821,5176.85
16.09.2019 07:00:00.000,0.98821,0.98965,0.98816,0.98960,5577.090000000001
16.09.2019 08:00:00.000,0.98960,0.99061,0.98934,0.99023,4798.28
16.09.2019 09:00:00.000,0.99023,0.99028,0.98937,0.98991,5295.090000000002
16.09.2019 10:00:00.000,0.98989,0.99138,0.98987,0.99126,4466.5
16.09.2019 11:00:00.000,0.99125,0.99136,0.99010,0.99133,5508.489999999999
16.09.2019 12:00:00.000,0.99133,0.99181,0.99054,0.99165,5597.210000000001
16.09.2019 13:00:00.000,0.99164,0.99397,0.99157,0.99393,4933.670000000001
16.09.2019 14:00:00.000,0.99395,0.99395,0.99135,0.99292,7464.4299999999985
16.09.2019 15:00:00.000,0.99290,0.99361,0.99152,0.99196,5732.650000000001
16.09.2019 16:00:00.000,0.99196,0.99268,0.99157,0.99219,3900.7200000000003
16.09.2019 17:00:00.000,0.99219,0.99315,0.99178,0.99305,2533.85
16.09.2019 18:00:00.000,0.99306,0.99309,0.99206,0.99229,2990.3899999999994
16.09.2019 19:00:00.000,0.99228,0.99316,0.99171,0.99315,2920.5099999999984
16.09.2019 20:00:00.000,0.99312,0.99341,0.99255,0.99255,1106.2400000000002
16.09.2019 21:00:00.000,0.99248,0.99285,0.99229,0.99284,917.18
16.09.2019 22:00:00.000,0.99291,0.99320,0.99277,0.99278,512.1500000000001
16.09.2019 23:00:00.000,0.99280,0.99322,0.99270,0.99294,2179.7599999999993
17.09.2019 00:00:00.000,0.99294,0.99297,0.99191,0.99195,4140.129999999998
17.09.2019 01:00:00.000,0.99194,0.99267,0.99154,0.99194,6068.290000000001
17.09.2019 02:00:00.000,0.99193,0.99210,0.99127,0.99167,2647.43
17.09.2019 03:00:00.000,0.99167,0.99195,0.99129,0.99166,3201.02
17.09.2019 04:00:00.000,0.99167,0.99211,0.99158,0.99190,1966.5099999999993
17.09.2019 05:00:00.000,0.99189,0.99197,0.99149,0.99171,2286.8699999999994
17.09.2019 06:00:00.000,0.99172,0.99363,0.99168,0.99353,5163.389999999999
17.09.2019 07:00:00.000,0.99354,0.99394,0.99276,0.99298,6542.549999999997
17.09.2019 08:00:00.000,0.99298,0.99446,0.99289,0.99394,4788.03
17.09.2019 09:00:00.000,0.99394,0.99466,0.99362,0.99459,4794.56
17.09.2019 10:00:00.000,0.99460,0.99548,0.99417,0.99422,3307.8999999999996
17.09.2019 11:00:00.000,0.99422,0.99503,0.99390,0.99457,3682.95
17.09.2019 12:00:00.000,0.99457,0.99573,0.99435,0.99517,3791.9200000000005
17.09.2019 13:00:00.000,0.99519,0.99683,0.99476,0.99568,11033.160000000002
17.09.2019 14:00:00.000,0.99567,0.99574,0.99413,0.99426,7752.630000000002
17.09.2019 15:00:00.000,0.99427,0.99441,0.99235,0.99253,7523.5599999999995
17.09.2019 16:00:00.000,0.99253,0.99308,0.99207,0.99229,3660.6800000000007
17.09.2019 17:00:00.000,0.99229,0.99344,0.99221,0.99339,3100.010000000001
17.09.2019 18:00:00.000,0.99340,0.99363,0.99304,0.99363,2958.6499999999996
17.09.2019 19:00:00.000,0.99363,0.99378,0.99308,0.99312,2283.169999999999
17.09.2019 20:00:00.000,0.99314,0.99316,0.99278,0.99296,1804.1899999999996
17.09.2019 21:00:00.000,0.99293,0.99323,0.99290,0.99292,588.2399999999999
17.09.2019 22:00:00.000,0.99295,0.99302,0.99262,0.99284,782.1400000000001
17.09.2019 23:00:00.000,0.99284,0.99303,0.99252,0.99270,1743.1799999999982
18.09.2019 00:00:00.000,0.99270,0.99347,0.99263,0.99340,2187.859999999999
18.09.2019 01:00:00.000,0.99341,0.99380,0.99317,0.99340,3012.5699999999997
18.09.2019 02:00:00.000,0.99345,0.99365,0.99310,0.99336,2853.2399999999993
18.09.2019 03:00:00.000,0.99337,0.99375,0.99330,0.99375,2529.27
18.09.2019 04:00:00.000,0.99375,0.99382,0.99348,0.99365,1880.3200000000002
18.09.2019 05:00:00.000,0.99366,0.99384,0.99339,0.99361,1588.9199999999998
18.09.2019 06:00:00.000,0.99360,0.99407,0.99335,0.99391,2560.22
18.09.2019 07:00:00.000,0.99391,0.99529,0.99358,0.99478,5233.910000000002
18.09.2019 08:00:00.000,0.99473,0.99571,0.99446,0.99560,4377.160000000002
18.09.2019 09:00:00.000,0.99562,0.99574,0.99518,0.99540,3662.630000000001
18.09.2019 10:00:00.000,0.99539,0.99629,0.99510,0.99573,3247.49
18.09.2019 11:00:00.000,0.99573,0.99596,0.99490,0.99504,3612.1899999999996
18.09.2019 12:00:00.000,0.99504,0.99552,0.99451,0.99466,3581.6100000000006
18.09.2019 13:00:00.000,0.99465,0.99604,0.99444,0.99526,4799.42
18.09.2019 14:00:00.000,0.99526,0.99592,0.99428,0.99546,5591.340000000002
18.09.2019 15:00:00.000,0.99544,0.99551,0.99417,0.99502,3937.5299999999997
18.09.2019 16:00:00.000,0.99502,0.99506,0.99433,0.99459,3565.669999999999
18.09.2019 17:00:00.000,0.99459,0.99535,0.99438,0.99485,2966.89
18.09.2019 18:00:00.000,0.99495,0.99800,0.99485,0.99693,14859.710000000001
18.09.2019 19:00:00.000,0.99694,0.99833,0.99602,0.99709,8431.249999999996
18.09.2019 20:00:00.000,0.99709,0.99782,0.99683,0.99719,1497.6099999999992
18.09.2019 21:00:00.000,0.99718,0.99718,0.99597,0.99636,1465.6699999999998
18.09.2019 22:00:00.000,0.99646,0.99727,0.99619,0.99677,644.1400000000001
18.09.2019 23:00:00.000,0.99677,0.99712,0.99667,0.99702,1589.4299999999996
19.09.2019 00:00:00.000,0.99703,0.99832,0.99702,0.99777,3107.1499999999996
19.09.2019 01:00:00.000,0.99781,0.99814,0.99715,0.99728,3993.8100000000004
19.09.2019 02:00:00.000,0.99725,0.99749,0.99677,0.99682,3457.8600000000006
19.09.2019 03:00:00.000,0.99682,0.99719,0.99637,0.99646,7756.139999999998
19.09.2019 04:00:00.000,0.99647,0.99661,0.99621,0.99655,2749.3199999999983
19.09.2019 05:00:00.000,0.99654,0.99667,0.99589,0.99622,2941.7999999999997
19.09.2019 06:00:00.000,0.99620,0.99666,0.99562,0.99610,3965.5500000000006
19.09.2019 07:00:00.000,0.99610,0.99794,0.99224,0.99254,10643.309999999998
19.09.2019 08:00:00.000,0.99253,0.99263,0.99115,0.99127,7412.850000000001
19.09.2019 09:00:00.000,0.99127,0.99159,0.99054,0.99138,5973.810000000001
19.09.2019 10:00:00.000,0.99139,0.99155,0.99091,0.99110,3490.1000000000004
19.09.2019 11:00:00.000,0.99108,0.99150,0.98998,0.99116,4835.1500000000015
19.09.2019 12:00:00.000,0.99116,0.99193,0.99074,0.99155,5541.600000000002
19.09.2019 13:00:00.000,0.99155,0.99274,0.99090,0.99245,6598.889999999999
19.09.2019 14:00:00.000,0.99251,0.99414,0.99215,0.99289,6920.559999999999
19.09.2019 15:00:00.000,0.99289,0.99362,0.99257,0.99273,5029.860000000001
19.09.2019 16:00:00.000,0.99273,0.99344,0.99273,0.99342,3594.6099999999997
19.09.2019 17:00:00.000,0.99342,0.99348,0.99144,0.99153,8238.240000000002
19.09.2019 18:00:00.000,0.99151,0.99201,0.99114,0.99187,4903.639999999999
19.09.2019 19:00:00.000,0.99187,0.99303,0.99186,0.99259,3627.270000000001
19.09.2019 20:00:00.000,0.99259,0.99324,0.99236,0.99237,895.9299999999998
19.09.2019 21:00:00.000,0.99234,0.99258,0.99213,0.99258,473.53000000000014
19.09.2019 22:00:00.000,0.99268,0.99329,0.99240,0.99275,1669.499999999999
19.09.2019 23:00:00.000,0.99274,0.99290,0.99245,0.99283,2658.2599999999993
20.09.2019 00:00:00.000,0.99284,0.99291,0.99216,0.99219,4307.859999999999
20.09.2019 01:00:00.000,0.99219,0.99232,0.99121,0.99186,3921.1099999999997
20.09.2019 02:00:00.000,0.99186,0.99198,0.99077,0.99078,1878.6599999999999
20.09.2019 03:00:00.000,0.99081,0.99175,0.99081,0.99173,2122.6099999999997
20.09.2019 04:00:00.000,0.99172,0.99179,0.99100,0.99140,2476.749999999999
20.09.2019 05:00:00.000,0.99141,0.99153,0.99101,0.99122,1991.2199999999991
20.09.2019 06:00:00.000,0.99124,0.99145,0.99064,0.99101,3198.3699999999994
20.09.2019 07:00:00.000,0.99102,0.99155,0.98892,0.99127,7156.420000000001
20.09.2019 08:00:00.000,0.99126,0.99155,0.99086,0.99104,5912.69
20.09.2019 09:00:00.000,0.99103,0.99144,0.99037,0.99113,4186.960000000002
20.09.2019 10:00:00.000,0.99114,0.99160,0.99086,0.99125,3387.6300000000006
20.09.2019 11:00:00.000,0.99126,0.99207,0.99115,0.99157,5324.449999999999
20.09.2019 12:00:00.000,0.99156,0.99248,0.99136,0.99188,5076.920000000003
20.09.2019 13:00:00.000,0.99187,0.99251,0.99146,0.99201,5234.469999999998
20.09.2019 14:00:00.000,0.99202,0.99350,0.99160,0.99259,7877.81
20.09.2019 15:00:00.000,0.99260,0.99359,0.99240,0.99301,6784.559999999998
20.09.2019 16:00:00.000,0.99300,0.99307,0.99236,0.99263,3930.4000000000005
20.09.2019 17:00:00.000,0.99265,0.99291,0.99020,0.99085,8910.76
20.09.2019 18:00:00.000,0.99086,0.99214,0.99076,0.99168,4606.540000000001
20.09.2019 19:00:00.000,0.99168,0.99179,0.99094,0.99105,4651.579999999998
20.09.2019 20:00:00.000,0.99105,0.99115,0.99064,0.99078,1178.2499999999993
20.09.2019 21:00:00.000,0.99078,0.99078,0.99078,0.99078,0
20.09.2019 22:00:00.000,0.99078,0.99078,0.99078,0.99078,0
20.09.2019 23:00:00.000,0.99078,0.99078,0.99078,0.99078,0
21.09.2019 00:00:00.000,0.99078,0.99078,0.99078,0.99078,0
21.09.2019 01:00:00.000,0.99078,0.99078,0.99078,0.99078,0
21.09.2019 02:00:00.000,0.99078,0.99078,0.99078,0.99078,0
21.09.2019 03:00:00.000,0.99078,0.99078,0.99078,0.99078,0
21.09.2019 04:00:00.000,0.99078,0.99078,0.99078,0.99078,0
21.09.2019 05:00:00.000,0.99078,0.99078,0.99078,0.99078,0
21.09.2019 06:00:00.000,0.99078,0.99078,0.99078,0.99078,0
21.09.2019 07:00:00.000,0.99078,0.99078,0.99078,0.99078,0
21.09.2019 08:00:00.000,0.99078,0.99078,0.99078,0.99078,0
21.09.2019 09:00:00.000,0.99078,0.99078,0.99078,0.99078,0
21.09.2019 10:00:00.000,0.99078,0.99078,0.99078,0.99078,0
21.09.2019 11:00:00.000,0.99078,0.99078,0.99078,0.99078,0
21.09.2019 12:00:00.000,0.99078,0.99078,0.99078,0.99078,0
21.09.2019 13:00:00.000,0.99078,0.99078,0.99078,0.99078,0
21.09.2019 14:00:00.000,0.99078,0.99078,0.99078,0.99078,0
21.09.2019 15:00:00.000,0.99078,0.99078,0.99078,0.99078,0
21.09.2019 16:00:00.000,0.99078,0.99078,0.99078,0.99078,0
21.09.2019 17:00:00.000,0.99078,0.99078,0.99078,0.99078,0
21.09.2019 18:00:00.000,0.99078,0.99078,0.99078,0.99078,0
21.09.2019 19:00:00.000,0.99078,0.99078,0.99078,0.99078,0
21.09.2019 20:00:00.000,0.99078,0.99078,0.99078,0.99078,0
21.09.2019 21:00:00.000,0.99078,0.99078,0.99078,0.99078,0
21.09.2019 22:00:00.000,0.99078,0.99078,0.99078,0.99078,0
21.09.2019 23:00:00.000,0.99078,0.99078,0.99078,0.99078,0